[2026-09-24 01:30:16] local.ERROR: Database file at path [C:\laragon\www\18indri\database\database.sqlite] does not exist. Ensure this is an absolute path to the database. (Connection: sqlite, Database: C:\laragon\www\18indri\database\database.sqlite, SQL: select * from "sessions" where "id" = SflFT2ysIsUmKjdDOFZt4SinTrPg4WaMDbHficnv limit 1) {"exception":"[object] (Illuminate\\Database\\QueryException(code: 0): Database file at path [C:\\laragon\\www\\18indri\\database\\database.sqlite] does not exist. Ensure this is an absolute path to the database. (Connection: sqlite, Database: C:\\laragon\\www\\18indri\\database\\database.sqlite, SQL: select * from \"sessions\" where \"id\" = SflFT2ysIsUmKjdDOFZt4SinTrPg4WaMDbHficnv limit 1) at C:/laragon/www/18indri/vendor/laravel/framework/src/Illuminate/Database/Connection.php:857)
[stacktrace]
#0 C:/laragon/www/18indri/vendor/laravel/framework/src/Illuminate/Database/Connection.php(813): Illuminate/Database/Connection->runQueryCallback('select * from \"...', Array, Object(Closure))
#1 C:/laragon/www/18indri/vendor/laravel/framework/src/Illuminate/Database/Connection.php(426): Illuminate/Database/Connection->run('select * from \"...', Array, Object(Closure))
#2 C:/laragon/www/18indri/vendor/laravel/framework/src/Illuminate/Database/Query/Builder.php(3631): Illuminate/Database/Connection->select('select * from \"...', Array, false, Array)
#3 C:/laragon/www/18indri/vendor/laravel/framework/src/Illuminate/Database/Query/Builder.php(3615): Illuminate/Database/Query/Builder->runSelect()
#4 C:/laragon/www/18indri/vendor/laravel/framework/src/Illuminate/Database/Concerns/BuildsQueries.php(408): Illuminate/Database/Query/Builder->get(Array)
#5 C:/laragon/www/18indri/vendor/laravel/framework/src/Illuminate/Database/Query/Builder.php(3533): Illuminate/Database/Query/Builder->first(Array)
#6 C:/laragon/www/18indri/vendor/laravel/framework/src/Illuminate/Session/DatabaseSessionHandler.php(117): Illuminate/Database/Query/Builder->find('SflFT2ysIsUmKjd...')
#7 C:/laragon/www/18indri/vendor/laravel/framework/src/Illuminate/Session/Store.php(128): Illuminate/Session/DatabaseSessionHandler->read('SflFT2ysIsUmKjd...')
#8 C:/laragon/www/18indri/vendor/laravel/framework/src/Illuminate/Session/Store.php(116): Illuminate/Session/Store->readFromHandler()
#9 C:/laragon/www/18indri/vendor/laravel/framework/src/Illuminate/Session/Store.php(100): Illuminate/Session/Store->loadSession()
#10 C:/laragon/www/18indri/vendor/laravel/framework/src/Illuminate/Session/Middleware/StartSession.php(146): Illuminate/Session/Store->start()
#11 C:/laragon/www/18indri/vendor/laravel/framework/src/Illuminate/Support/helpers.php(393): Illuminate/Session/Middleware/StartSession->{closure:Illuminate/Session/Middleware/StartSession::startSession():143}(Object(Illuminate/Session/Store))
#12 C:/laragon/www/18indri/vendor/laravel/framework/src/Illuminate/Session/Middleware/StartSession.php(143): tap(Object(Illuminate/Session/Store), Object(Closure))
#13 C:/laragon/www/18indri/vendor/laravel/framework/src/Illuminate/Session/Middleware/StartSession.php(115): Illuminate/Session/Middleware/StartSession->startSession(Object(Illuminate/Http/Request), Object(Illuminate/Session/Store))
#14 C:/laragon/www/18indri/vendor/laravel/framework/src/Illuminate/Session/Middleware/StartSession.php(63): Illuminate/Session/Middleware/StartSession->handleStatefulRequest(Object(Illuminate/Http/Request), Object(Illuminate/Session/Store), Object(Closure))
#15 C:/laragon/www/18indri/vendor/laravel/framework/src/Illuminate/Pipeline/Pipeline.php(219): Illuminate/Session/Middleware/StartSession->handle(Object(Illuminate/Http/Request), Object(Closure))
#16 C:/laragon/www/18indri/vendor/laravel/framework/src/Illuminate/Cookie/Middleware/AddQueuedCookiesToResponse.php(36): Illuminate/Pipeline/Pipeline->{closure:{closure:Illuminate/Pipeline/Pipeline::carry():194}:195}(Object(Illuminate/Http/Request))
#17 C:/laragon/www/18indri/vendor/laravel/framework/src/Illuminate/Pipeline/Pipeline.php(219): Illuminate/Cookie/Middleware/AddQueuedCookiesToResponse->handle(Object(Illuminate/Http/Request), Object(Closure))
#18 C:/laragon/www/18indri/vendor/laravel/framework/src/Illuminate/Cookie/Middleware/EncryptCookies.php(74): Illuminate/Pipeline/Pipeline->{closure:{closure:Illuminate/Pipeline/Pipeline::carry():194}:195}(Object(Illuminate/Http/Request))
#19 C:/laragon/www/18indri/vendor/laravel/framework/src/Illuminate/Pipeline/Pipeline.php(219): Illuminate/Cookie/Middleware/EncryptCookies->handle(Object(Illuminate/Http/Request), Object(Closure))
#20 C:/laragon/www/18indri/vendor/laravel/framework/src/Illuminate/Pipeline/Pipeline.php(137): Illuminate/Pipeline/Pipeline->{closure:{closure:Illuminate/Pipeline/Pipeline::carry():194}:195}(Object(Illuminate/Http/Request))
#21 C:/laragon/www/18indri/vendor/laravel/framework/src/Illuminate/Routing/Router.php(821): Illuminate/Pipeline/Pipeline->then(Object(Closure))
#22 C:/laragon/www/18indri/vendor/laravel/framework/src/Illuminate/Routing/Router.php(800): Illuminate/Routing/Router->runRouteWithinStack(Object(Illuminate/Routing/Route), Object(Illuminate/Http/Request))
#23 C:/laragon/www/18indri/vendor/laravel/framework/src/Illuminate/Routing/Router.php(764): Illuminate/Routing/Router->runRoute(Object(Illuminate/Http/Request), Object(Illuminate/Routing/Route))
#24 C:/laragon/www/18indri/vendor/laravel/framework/src/Illuminate/Routing/Router.php(753): Illuminate/Routing/Router->dispatchToRoute(Object(Illuminate/Http/Request))
#25 C:/laragon/www/18indri/vendor/laravel/framework/src/Illuminate/Foundation/Http/Kernel.php(200): Illuminate/Routing/Router->dispatch(Object(Illuminate/Http/Request))
#26 C:/laragon/www/18indri/vendor/laravel/framework/src/Illuminate/Pipeline/Pipeline.php(180): Illuminate/Foundation/Http/Kernel->{closure:Illuminate/Foundation/Http/Kernel::dispatchToRouter():197}(Object(Illuminate/Http/Request))
#27 C:/laragon/www/18indri/vendor/laravel/framework/src/Illuminate/Foundation/Http/Middleware/TransformsRequest.php(21): Illuminate/Pipeline/Pipeline->{closure:Illuminate/Pipeline/Pipeline::prepareDestination():178}(Object(Illuminate/Http/Request))
#28 C:/laragon/www/18indri/vendor/laravel/framework/src/Illuminate/Foundation/Http/Middleware/ConvertEmptyStringsToNull.php(31): Illuminate/Foundation/Http/Middleware/TransformsRequest->handle(Object(Illuminate/Http/Request), Object(Closure))
#29 C:/laragon/www/18indri/vendor/laravel/framework/src/Illuminate/Pipeline/Pipeline.php(219): Illuminate/Foundation/Http/Middleware/ConvertEmptyStringsToNull->handle(Object(Illuminate/Http/Request), Object(Closure))
#30 C:/laragon/www/18indri/vendor/laravel/framework/src/Illuminate/Foundation/Http/Middleware/TransformsRequest.php(21): Illuminate/Pipeline/Pipeline->{closure:{closure:Illuminate/Pipeline/Pipeline::carry():194}:195}(Object(Illuminate/Http/Request))
#31 C:/laragon/www/18indri/vendor/laravel/framework/src/Illuminate/Foundation/Http/Middleware/TrimStrings.php(51): Illuminate/Foundation/Http/Middleware/TransformsRequest->handle(Object(Illuminate/Http/Request), Object(Closure))
#32 C:/laragon/www/18indri/vendor/laravel/framework/src/Illuminate/Pipeline/Pipeline.php(219): Illuminate/Foundation/Http/Middleware/TrimStrings->handle(Object(Illuminate/Http/Request), Object(Closure))
#33 C:/laragon/www/18indri/vendor/laravel/framework/src/Illuminate/Http/Middleware/ValidatePostSize.php(27): Illuminate/Pipeline/Pipeline->{closure:{closure:Illuminate/Pipeline/Pipeline::carry():194}:195}(Object(Illuminate/Http/Request))
#34 C:/laragon/www/18indri/vendor/laravel/framework/src/Illuminate/Pipeline/Pipeline.php(219): Illuminate/Http/Middleware/ValidatePostSize->handle(Object(Illuminate/Http/Request), Object(Closure))
#35 C:/laragon/www/18indri/vendor/laravel/framework/src/Illuminate/Foundation/Http/Middleware/PreventRequestsDuringMaintenance.php(110): Illuminate/Pipeline/Pipeline->{closure:{closure:Illuminate/Pipeline/Pipeline::carry():194}:195}(Object(Illuminate/Http/Request))
#36 C:/laragon/www/18indri/vendor/laravel/framework/src/Illuminate/Pipeline/Pipeline.php(219): Illuminate/Foundation/Http/Middleware/PreventRequestsDuringMaintenance->handle(Object(Illuminate/Http/Request), Object(Closure))
#37 C:/laragon/www/18indri/vendor/laravel/framework/src/Illuminate/Http/Middleware/HandleCors.php(61): Illuminate/Pipeline/Pipeline->{closure:{closure:Illuminate/Pipeline/Pipeline::carry():194}:195}(Object(Illuminate/Http/Request))
#38 C:/laragon/www/18indri/vendor/laravel/framework/src/Illuminate/Pipeline/Pipeline.php(219): Illuminate/Http/Middleware/HandleCors->handle(Object(Illuminate/Http/Request), Object(Closure))
#39 C:/laragon/www/18indri/vendor/laravel/framework/src/Illuminate/Http/Middleware/TrustProxies.php(58): Illuminate/Pipeline/Pipeline->{closure:{closure:Illuminate/Pipeline/Pipeline::carry():194}:195}(Object(Illuminate/Http/Request))
#40 C:/laragon/www/18indri/vendor/laravel/framework/src/Illuminate/Pipeline/Pipeline.php(219): Illuminate/Http/Middleware/TrustProxies->handle(Object(Illuminate/Http/Request), Object(Closure))
#41 C:/laragon/www/18indri/vendor/laravel/framework/src/Illuminate/Foundation/Http/Middleware/InvokeDeferredCallbacks.php(22): Illuminate/Pipeline/Pipeline->{closure:{closure:Illuminate/Pipeline/Pipeline::carry():194}:195}(Object(Illuminate/Http/Request))
#42 C:/laragon/www/18indri/vendor/laravel/framework/src/Illuminate/Pipeline/Pipeline.php(219): Illuminate/Foundation/Http/Middleware/InvokeDeferredCallbacks->handle(Object(Illuminate/Http/Request), Object(Closure))
#43 C:/laragon/www/18indri/vendor/laravel/framework/src/Illuminate/Http/Middleware/ValidatePathEncoding.php(28): Illuminate/Pipeline/Pipeline->{closure:{closure:Illuminate/Pipeline/Pipeline::carry():194}:195}(Object(Illuminate/Http/Request))
#44 C:/laragon/www/18indri/vendor/laravel/framework/src/Illuminate/Pipeline/Pipeline.php(219): Illuminate/Http/Middleware/ValidatePathEncoding->handle(Object(Illuminate/Http/Request), Object(Closure))
#45 C:/laragon/www/18indri/vendor/laravel/framework/src/Illuminate/Pipeline/Pipeline.php(137): Illuminate/Pipeline/Pipeline->{closure:{closure:Illuminate/Pipeline/Pipeline::carry():194}:195}(Object(Illuminate/Http/Request))
#46 C:/laragon/www/18indri/vendor/laravel/framework/src/Illuminate/Foundation/Http/Kernel.php(175): Illuminate/Pipeline/Pipeline->then(Object(Closure))
#47 C:/laragon/www/18indri/vendor/laravel/framework/src/Illuminate/Foundation/Http/Kernel.php(144): Illuminate/Foundation/Http/Kernel->sendRequestThroughRouter(Object(Illuminate/Http/Request))
#48 C:/laragon/www/18indri/vendor/laravel/framework/src/Illuminate/Foundation/Application.php(1227): Illuminate/Foundation/Http/Kernel->handle(Object(Illuminate/Http/Request))
#49 C:/laragon/www/18indri/public/index.php(20): Illuminate/Foundation/Application->handleRequest(Object(Illuminate/Http/Request))
#50 C:/laragon/www/18indri/vendor/laravel/framework/src/Illuminate/Foundation/resources/server.php(23): require_once('C://laragon//www//...')
#51 {main}

[previous exception] [object] (Illuminate\\Database\\SQLiteDatabaseDoesNotExistException(code: 0): Database file at path [C:\\laragon\\www\\18indri\\database\\database.sqlite] does not exist. Ensure this is an absolute path to the database. at C:/laragon/www/18indri/vendor/laravel/framework/src/Illuminate/Database/Connectors/SQLiteConnector.php:61)
[stacktrace]
#0 C:/laragon/www/18indri/vendor/laravel/framework/src/Illuminate/Database/Connectors/SQLiteConnector.php(19): Illuminate/Database/Connectors/SQLiteConnector->parseDatabasePath(false)
#1 C:/laragon/www/18indri/vendor/laravel/framework/src/Illuminate/Database/Connectors/ConnectionFactory.php(259): Illuminate/Database/Connectors/SQLiteConnector->connect(Array)
#2 [internal function]: Illuminate/Database/Connectors/ConnectionFactory->{closure:Illuminate/Database/Connectors/ConnectionFactory::createPdoResolverWithoutHosts():259}()
#3 C:/laragon/www/18indri/vendor/laravel/framework/src/Illuminate/Database/Connection.php(1298): call_user_func(Object(Closure))
#4 C:/laragon/www/18indri/vendor/laravel/framework/src/Illuminate/Database/Connection.php(542): Illuminate/Database/Connection->getPdo()
#5 C:/laragon/www/18indri/vendor/laravel/framework/src/Illuminate/Database/Connection.php(435): Illuminate/Database/Connection->getPdoForSelect(false)
#6 C:/laragon/www/18indri/vendor/laravel/framework/src/Illuminate/Database/Connection.php(846): Illuminate/Database/Connection->{closure:Illuminate/Database/Connection::select():426}('select * from \"...', Array)
#7 C:/laragon/www/18indri/vendor/laravel/framework/src/Illuminate/Database/Connection.php(813): Illuminate/Database/Connection->runQueryCallback('select * from \"...', Array, Object(Closure))
#8 C:/laragon/www/18indri/vendor/laravel/framework/src/Illuminate/Database/Connection.php(426): Illuminate/Database/Connection->run('select * from \"...', Array, Object(Closure))
#9 C:/laragon/www/18indri/vendor/laravel/framework/src/Illuminate/Database/Query/Builder.php(3631): Illuminate/Database/Connection->select('select * from \"...', Array, false, Array)
#10 C:/laragon/www/18indri/vendor/laravel/framework/src/Illuminate/Database/Query/Builder.php(3615): Illuminate/Database/Query/Builder->runSelect()
#11 C:/laragon/www/18indri/vendor/laravel/framework/src/Illuminate/Database/Concerns/BuildsQueries.php(408): Illuminate/Database/Query/Builder->get(Array)
#12 C:/laragon/www/18indri/vendor/laravel/framework/src/Illuminate/Database/Query/Builder.php(3533): Illuminate/Database/Query/Builder->first(Array)
#13 C:/laragon/www/18indri/vendor/laravel/framework/src/Illuminate/Session/DatabaseSessionHandler.php(117): Illuminate/Database/Query/Builder->find('SflFT2ysIsUmKjd...')
#14 C:/laragon/www/18indri/vendor/laravel/framework/src/Illuminate/Session/Store.php(128): Illuminate/Session/DatabaseSessionHandler->read('SflFT2ysIsUmKjd...')
#15 C:/laragon/www/18indri/vendor/laravel/framework/src/Illuminate/Session/Store.php(116): Illuminate/Session/Store->readFromHandler()
#16 C:/laragon/www/18indri/vendor/laravel/framework/src/Illuminate/Session/Store.php(100): Illuminate/Session/Store->loadSession()
#17 C:/laragon/www/18indri/vendor/laravel/framework/src/Illuminate/Session/Middleware/StartSession.php(146): Illuminate/Session/Store->start()
#18 C:/laragon/www/18indri/vendor/laravel/framework/src/Illuminate/Support/helpers.php(393): Illuminate/Session/Middleware/StartSession->{closure:Illuminate/Session/Middleware/StartSession::startSession():143}(Object(Illuminate/Session/Store))
#19 C:/laragon/www/18indri/vendor/laravel/framework/src/Illuminate/Session/Middleware/StartSession.php(143): tap(Object(Illuminate/Session/Store), Object(Closure))
#20 C:/laragon/www/18indri/vendor/laravel/framework/src/Illuminate/Session/Middleware/StartSession.php(115): Illuminate/Session/Middleware/StartSession->startSession(Object(Illuminate/Http/Request), Object(Illuminate/Session/Store))
#21 C:/laragon/www/18indri/vendor/laravel/framework/src/Illuminate/Session/Middleware/StartSession.php(63): Illuminate/Session/Middleware/StartSession->handleStatefulRequest(Object(Illuminate/Http/Request), Object(Illuminate/Session/Store), Object(Closure))
#22 C:/laragon/www/18indri/vendor/laravel/framework/src/Illuminate/Pipeline/Pipeline.php(219): Illuminate/Session/Middleware/StartSession->handle(Object(Illuminate/Http/Request), Object(Closure))
#23 C:/laragon/www/18indri/vendor/laravel/framework/src/Illuminate/Cookie/Middleware/AddQueuedCookiesToResponse.php(36): Illuminate/Pipeline/Pipeline->{closure:{closure:Illuminate/Pipeline/Pipeline::carry():194}:195}(Object(Illuminate/Http/Request))
#24 C:/laragon/www/18indri/vendor/laravel/framework/src/Illuminate/Pipeline/Pipeline.php(219): Illuminate/Cookie/Middleware/AddQueuedCookiesToResponse->handle(Object(Illuminate/Http/Request), Object(Closure))
#25 C:/laragon/www/18indri/vendor/laravel/framework/src/Illuminate/Cookie/Middleware/EncryptCookies.php(74): Illuminate/Pipeline/Pipeline->{closure:{closure:Illuminate/Pipeline/Pipeline::carry():194}:195}(Object(Illuminate/Http/Request))
#26 C:/laragon/www/18indri/vendor/laravel/framework/src/Illuminate/Pipeline/Pipeline.php(219): Illuminate/Cookie/Middleware/EncryptCookies->handle(Object(Illuminate/Http/Request), Object(Closure))
#27 C:/laragon/www/18indri/vendor/laravel/framework/src/Illuminate/Pipeline/Pipeline.php(137): Illuminate/Pipeline/Pipeline->{closure:{closure:Illuminate/Pipeline/Pipeline::carry():194}:195}(Object(Illuminate/Http/Request))
#28 C:/laragon/www/18indri/vendor/laravel/framework/src/Illuminate/Routing/Router.php(821): Illuminate/Pipeline/Pipeline->then(Object(Closure))
#29 C:/laragon/www/18indri/vendor/laravel/framework/src/Illuminate/Routing/Router.php(800): Illuminate/Routing/Router->runRouteWithinStack(Object(Illuminate/Routing/Route), Object(Illuminate/Http/Request))
#30 C:/laragon/www/18indri/vendor/laravel/framework/src/Illuminate/Routing/Router.php(764): Illuminate/Routing/Router->runRoute(Object(Illuminate/Http/Request), Object(Illuminate/Routing/Route))
#31 C:/laragon/www/18indri/vendor/laravel/framework/src/Illuminate/Routing/Router.php(753): Illuminate/Routing/Router->dispatchToRoute(Object(Illuminate/Http/Request))
#32 C:/laragon/www/18indri/vendor/laravel/framework/src/Illuminate/Foundation/Http/Kernel.php(200): Illuminate/Routing/Router->dispatch(Object(Illuminate/Http/Request))
#33 C:/laragon/www/18indri/vendor/laravel/framework/src/Illuminate/Pipeline/Pipeline.php(180): Illuminate/Foundation/Http/Kernel->{closure:Illuminate/Foundation/Http/Kernel::dispatchToRouter():197}(Object(Illuminate/Http/Request))
#34 C:/laragon/www/18indri/vendor/laravel/framework/src/Illuminate/Foundation/Http/Middleware/TransformsRequest.php(21): Illuminate/Pipeline/Pipeline->{closure:Illuminate/Pipeline/Pipeline::prepareDestination():178}(Object(Illuminate/Http/Request))
#35 C:/laragon/www/18indri/vendor/laravel/framework/src/Illuminate/Foundation/Http/Middleware/ConvertEmptyStringsToNull.php(31): Illuminate/Foundation/Http/Middleware/TransformsRequest->handle(Object(Illuminate/Http/Request), Object(Closure))
#36 C:/laragon/www/18indri/vendor/laravel/framework/src/Illuminate/Pipeline/Pipeline.php(219): Illuminate/Foundation/Http/Middleware/ConvertEmptyStringsToNull->handle(Object(Illuminate/Http/Request), Object(Closure))
#37 C:/laragon/www/18indri/vendor/laravel/framework/src/Illuminate/Foundation/Http/Middleware/TransformsRequest.php(21): Illuminate/Pipeline/Pipeline->{closure:{closure:Illuminate/Pipeline/Pipeline::carry():194}:195}(Object(Illuminate/Http/Request))
#38 C:/laragon/www/18indri/vendor/laravel/framework/src/Illuminate/Foundation/Http/Middleware/TrimStrings.php(51): Illuminate/Foundation/Http/Middleware/TransformsRequest->handle(Object(Illuminate/Http/Request), Object(Closure))
#39 C:/laragon/www/18indri/vendor/laravel/framework/src/Illuminate/Pipeline/Pipeline.php(219): Illuminate/Foundation/Http/Middleware/TrimStrings->handle(Object(Illuminate/Http/Request), Object(Closure))
#40 C:/laragon/www/18indri/vendor/laravel/framework/src/Illuminate/Http/Middleware/ValidatePostSize.php(27): Illuminate/Pipeline/Pipeline->{closure:{closure:Illuminate/Pipeline/Pipeline::carry():194}:195}(Object(Illuminate/Http/Request))
#41 C:/laragon/www/18indri/vendor/laravel/framework/src/Illuminate/Pipeline/Pipeline.php(219): Illuminate/Http/Middleware/ValidatePostSize->handle(Object(Illuminate/Http/Request), Object(Closure))
#42 C:/laragon/www/18indri/vendor/laravel/framework/src/Illuminate/Foundation/Http/Middleware/PreventRequestsDuringMaintenance.php(110): Illuminate/Pipeline/Pipeline->{closure:{closure:Illuminate/Pipeline/Pipeline::carry():194}:195}(Object(Illuminate/Http/Request))
#43 C:/laragon/www/18indri/vendor/laravel/framework/src/Illuminate/Pipeline/Pipeline.php(219): Illuminate/Foundation/Http/Middleware/PreventRequestsDuringMaintenance->handle(Object(Illuminate/Http/Request), Object(Closure))
#44 C:/laragon/www/18indri/vendor/laravel/framework/src/Illuminate/Http/Middleware/HandleCors.php(61): Illuminate/Pipeline/Pipeline->{closure:{closure:Illuminate/Pipeline/Pipeline::carry():194}:195}(Object(Illuminate/Http/Request))
#45 C:/laragon/www/18indri/vendor/laravel/framework/src/Illuminate/Pipeline/Pipeline.php(219): Illuminate/Http/Middleware/HandleCors->handle(Object(Illuminate/Http/Request), Object(Closure))
#46 C:/laragon/www/18indri/vendor/laravel/framework/src/Illuminate/Http/Middleware/TrustProxies.php(58): Illuminate/Pipeline/Pipeline->{closure:{closure:Illuminate/Pipeline/Pipeline::carry():194}:195}(Object(Illuminate/Http/Request))
#47 C:/laragon/www/18indri/vendor/laravel/framework/src/Illuminate/Pipeline/Pipeline.php(219): Illuminate/Http/Middleware/TrustProxies->handle(Object(Illuminate/Http/Request), Object(Closure))
#48 C:/laragon/www/18indri/vendor/laravel/framework/src/Illuminate/Foundation/Http/Middleware/InvokeDeferredCallbacks.php(22): Illuminate/Pipeline/Pipeline->{closure:{closure:Illuminate/Pipeline/Pipeline::carry():194}:195}(Object(Illuminate/Http/Request))
#49 C:/laragon/www/18indri/vendor/laravel/framework/src/Illuminate/Pipeline/Pipeline.php(219): Illuminate/Foundation/Http/Middleware/InvokeDeferredCallbacks->handle(Object(Illuminate/Http/Request), Object(Closure))
#50 C:/laragon/www/18indri/vendor/laravel/framework/src/Illuminate/Http/Middleware/ValidatePathEncoding.php(28): Illuminate/Pipeline/Pipeline->{closure:{closure:Illuminate/Pipeline/Pipeline::carry():194}:195}(Object(Illuminate/Http/Request))
#51 C:/laragon/www/18indri/vendor/laravel/framework/src/Illuminate/Pipeline/Pipeline.php(219): Illuminate/Http/Middleware/ValidatePathEncoding->handle(Object(Illuminate/Http/Request), Object(Closure))
#52 C:/laragon/www/18indri/vendor/laravel/framework/src/Illuminate/Pipeline/Pipeline.php(137): Illuminate/Pipeline/Pipeline->{closure:{closure:Illuminate/Pipeline/Pipeline::carry():194}:195}(Object(Illuminate/Http/Request))
#53 C:/laragon/www/18indri/vendor/laravel/framework/src/Illuminate/Foundation/Http/Kernel.php(175): Illuminate/Pipeline/Pipeline->then(Object(Closure))
#54 C:/laragon/www/18indri/vendor/laravel/framework/src/Illuminate/Foundation/Http/Kernel.php(144): Illuminate/Foundation/Http/Kernel->sendRequestThroughRouter(Object(Illuminate/Http/Request))
#55 C:/laragon/www/18indri/vendor/laravel/framework/src/Illuminate/Foundation/Application.php(1227): Illuminate/Foundation/Http/Kernel->handle(Object(Illuminate/Http/Request))
#56 C:/laragon/www/18indri/public/index.php(20): Illuminate/Foundation/Application->handleRequest(Object(Illuminate/Http/Request))
#57 C:/laragon/www/18indri/vendor/laravel/framework/src/Illuminate/Foundation/resources/server.php(23): require_once('C://laragon//www//...')
#58 {main}
"} 
[2026-09-24 01:30:44] local.ERROR: SQLSTATE[HY000] [1049] Unknown database 'laravel' (Connection: mysql, Host: 127.0.0.1, Port: 3306, Database: laravel, SQL: select * from `sessions` where `id` = NkIDS2JAHQUECmn12ieQouVrzvzVzSKRtZFLXP6J limit 1) {"exception":"[object] (Illuminate\\Database\\QueryException(code: 1049): SQLSTATE[HY000] [1049] Unknown database 'laravel' (Connection: mysql, Host: 127.0.0.1, Port: 3306, Database: laravel, SQL: select * from `sessions` where `id` = NkIDS2JAHQUECmn12ieQouVrzvzVzSKRtZFLXP6J limit 1) at C:/laragon/www/18indri/vendor/laravel/framework/src/Illuminate/Database/Connection.php:857)
[stacktrace]
#0 C:/laragon/www/18indri/vendor/laravel/framework/src/Illuminate/Database/Connection.php(813): Illuminate/Database/Connection->runQueryCallback('select * from `...', Array, Object(Closure))
#1 C:/laragon/www/18indri/vendor/laravel/framework/src/Illuminate/Database/Connection.php(426): Illuminate/Database/Connection->run('select * from `...', Array, Object(Closure))
#2 C:/laragon/www/18indri/vendor/laravel/framework/src/Illuminate/Database/Query/Builder.php(3631): Illuminate/Database/Connection->select('select * from `...', Array, false, Array)
#3 C:/laragon/www/18indri/vendor/laravel/framework/src/Illuminate/Database/Query/Builder.php(3615): Illuminate/Database/Query/Builder->runSelect()
#4 C:/laragon/www/18indri/vendor/laravel/framework/src/Illuminate/Database/Concerns/BuildsQueries.php(408): Illuminate/Database/Query/Builder->get(Array)
#5 C:/laragon/www/18indri/vendor/laravel/framework/src/Illuminate/Database/Query/Builder.php(3533): Illuminate/Database/Query/Builder->first(Array)
#6 C:/laragon/www/18indri/vendor/laravel/framework/src/Illuminate/Session/DatabaseSessionHandler.php(117): Illuminate/Database/Query/Builder->find('NkIDS2JAHQUECmn...')
#7 C:/laragon/www/18indri/vendor/laravel/framework/src/Illuminate/Session/Store.php(128): Illuminate/Session/DatabaseSessionHandler->read('NkIDS2JAHQUECmn...')
#8 C:/laragon/www/18indri/vendor/laravel/framework/src/Illuminate/Session/Store.php(116): Illuminate/Session/Store->readFromHandler()
#9 C:/laragon/www/18indri/vendor/laravel/framework/src/Illuminate/Session/Store.php(100): Illuminate/Session/Store->loadSession()
#10 C:/laragon/www/18indri/vendor/laravel/framework/src/Illuminate/Session/Middleware/StartSession.php(146): Illuminate/Session/Store->start()
#11 C:/laragon/www/18indri/vendor/laravel/framework/src/Illuminate/Support/helpers.php(393): Illuminate/Session/Middleware/StartSession->{closure:Illuminate/Session/Middleware/StartSession::startSession():143}(Object(Illuminate/Session/Store))
#12 C:/laragon/www/18indri/vendor/laravel/framework/src/Illuminate/Session/Middleware/StartSession.php(143): tap(Object(Illuminate/Session/Store), Object(Closure))
#13 C:/laragon/www/18indri/vendor/laravel/framework/src/Illuminate/Session/Middleware/StartSession.php(115): Illuminate/Session/Middleware/StartSession->startSession(Object(Illuminate/Http/Request), Object(Illuminate/Session/Store))
#14 C:/laragon/www/18indri/vendor/laravel/framework/src/Illuminate/Session/Middleware/StartSession.php(63): Illuminate/Session/Middleware/StartSession->handleStatefulRequest(Object(Illuminate/Http/Request), Object(Illuminate/Session/Store), Object(Closure))
#15 C:/laragon/www/18indri/vendor/laravel/framework/src/Illuminate/Pipeline/Pipeline.php(219): Illuminate/Session/Middleware/StartSession->handle(Object(Illuminate/Http/Request), Object(Closure))
#16 C:/laragon/www/18indri/vendor/laravel/framework/src/Illuminate/Cookie/Middleware/AddQueuedCookiesToResponse.php(36): Illuminate/Pipeline/Pipeline->{closure:{closure:Illuminate/Pipeline/Pipeline::carry():194}:195}(Object(Illuminate/Http/Request))
#17 C:/laragon/www/18indri/vendor/laravel/framework/src/Illuminate/Pipeline/Pipeline.php(219): Illuminate/Cookie/Middleware/AddQueuedCookiesToResponse->handle(Object(Illuminate/Http/Request), Object(Closure))
#18 C:/laragon/www/18indri/vendor/laravel/framework/src/Illuminate/Cookie/Middleware/EncryptCookies.php(74): Illuminate/Pipeline/Pipeline->{closure:{closure:Illuminate/Pipeline/Pipeline::carry():194}:195}(Object(Illuminate/Http/Request))
#19 C:/laragon/www/18indri/vendor/laravel/framework/src/Illuminate/Pipeline/Pipeline.php(219): Illuminate/Cookie/Middleware/EncryptCookies->handle(Object(Illuminate/Http/Request), Object(Closure))
#20 C:/laragon/www/18indri/vendor/laravel/framework/src/Illuminate/Pipeline/Pipeline.php(137): Illuminate/Pipeline/Pipeline->{closure:{closure:Illuminate/Pipeline/Pipeline::carry():194}:195}(Object(Illuminate/Http/Request))
#21 C:/laragon/www/18indri/vendor/laravel/framework/src/Illuminate/Routing/Router.php(821): Illuminate/Pipeline/Pipeline->then(Object(Closure))
#22 C:/laragon/www/18indri/vendor/laravel/framework/src/Illuminate/Routing/Router.php(800): Illuminate/Routing/Router->runRouteWithinStack(Object(Illuminate/Routing/Route), Object(Illuminate/Http/Request))
#23 C:/laragon/www/18indri/vendor/laravel/framework/src/Illuminate/Routing/Router.php(764): Illuminate/Routing/Router->runRoute(Object(Illuminate/Http/Request), Object(Illuminate/Routing/Route))
#24 C:/laragon/www/18indri/vendor/laravel/framework/src/Illuminate/Routing/Router.php(753): Illuminate/Routing/Router->dispatchToRoute(Object(Illuminate/Http/Request))
#25 C:/laragon/www/18indri/vendor/laravel/framework/src/Illuminate/Foundation/Http/Kernel.php(200): Illuminate/Routing/Router->dispatch(Object(Illuminate/Http/Request))
#26 C:/laragon/www/18indri/vendor/laravel/framework/src/Illuminate/Pipeline/Pipeline.php(180): Illuminate/Foundation/Http/Kernel->{closure:Illuminate/Foundation/Http/Kernel::dispatchToRouter():197}(Object(Illuminate/Http/Request))
#27 C:/laragon/www/18indri/vendor/laravel/framework/src/Illuminate/Foundation/Http/Middleware/TransformsRequest.php(21): Illuminate/Pipeline/Pipeline->{closure:Illuminate/Pipeline/Pipeline::prepareDestination():178}(Object(Illuminate/Http/Request))
#28 C:/laragon/www/18indri/vendor/laravel/framework/src/Illuminate/Foundation/Http/Middleware/ConvertEmptyStringsToNull.php(31): Illuminate/Foundation/Http/Middleware/TransformsRequest->handle(Object(Illuminate/Http/Request), Object(Closure))
#29 C:/laragon/www/18indri/vendor/laravel/framework/src/Illuminate/Pipeline/Pipeline.php(219): Illuminate/Foundation/Http/Middleware/ConvertEmptyStringsToNull->handle(Object(Illuminate/Http/Request), Object(Closure))
#30 C:/laragon/www/18indri/vendor/laravel/framework/src/Illuminate/Foundation/Http/Middleware/TransformsRequest.php(21): Illuminate/Pipeline/Pipeline->{closure:{closure:Illuminate/Pipeline/Pipeline::carry():194}:195}(Object(Illuminate/Http/Request))
#31 C:/laragon/www/18indri/vendor/laravel/framework/src/Illuminate/Foundation/Http/Middleware/TrimStrings.php(51): Illuminate/Foundation/Http/Middleware/TransformsRequest->handle(Object(Illuminate/Http/Request), Object(Closure))
#32 C:/laragon/www/18indri/vendor/laravel/framework/src/Illuminate/Pipeline/Pipeline.php(219): Illuminate/Foundation/Http/Middleware/TrimStrings->handle(Object(Illuminate/Http/Request), Object(Closure))
#33 C:/laragon/www/18indri/vendor/laravel/framework/src/Illuminate/Http/Middleware/ValidatePostSize.php(27): Illuminate/Pipeline/Pipeline->{closure:{closure:Illuminate/Pipeline/Pipeline::carry():194}:195}(Object(Illuminate/Http/Request))
#34 C:/laragon/www/18indri/vendor/laravel/framework/src/Illuminate/Pipeline/Pipeline.php(219): Illuminate/Http/Middleware/ValidatePostSize->handle(Object(Illuminate/Http/Request), Object(Closure))
#35 C:/laragon/www/18indri/vendor/laravel/framework/src/Illuminate/Foundation/Http/Middleware/PreventRequestsDuringMaintenance.php(110): Illuminate/Pipeline/Pipeline->{closure:{closure:Illuminate/Pipeline/Pipeline::carry():194}:195}(Object(Illuminate/Http/Request))
#36 C:/laragon/www/18indri/vendor/laravel/framework/src/Illuminate/Pipeline/Pipeline.php(219): Illuminate/Foundation/Http/Middleware/PreventRequestsDuringMaintenance->handle(Object(Illuminate/Http/Request), Object(Closure))
#37 C:/laragon/www/18indri/vendor/laravel/framework/src/Illuminate/Http/Middleware/HandleCors.php(61): Illuminate/Pipeline/Pipeline->{closure:{closure:Illuminate/Pipeline/Pipeline::carry():194}:195}(Object(Illuminate/Http/Request))
#38 C:/laragon/www/18indri/vendor/laravel/framework/src/Illuminate/Pipeline/Pipeline.php(219): Illuminate/Http/Middleware/HandleCors->handle(Object(Illuminate/Http/Request), Object(Closure))
#39 C:/laragon/www/18indri/vendor/laravel/framework/src/Illuminate/Http/Middleware/TrustProxies.php(58): Illuminate/Pipeline/Pipeline->{closure:{closure:Illuminate/Pipeline/Pipeline::carry():194}:195}(Object(Illuminate/Http/Request))
#40 C:/laragon/www/18indri/vendor/laravel/framework/src/Illuminate/Pipeline/Pipeline.php(219): Illuminate/Http/Middleware/TrustProxies->handle(Object(Illuminate/Http/Request), Object(Closure))
#41 C:/laragon/www/18indri/vendor/laravel/framework/src/Illuminate/Foundation/Http/Middleware/InvokeDeferredCallbacks.php(22): Illuminate/Pipeline/Pipeline->{closure:{closure:Illuminate/Pipeline/Pipeline::carry():194}:195}(Object(Illuminate/Http/Request))
#42 C:/laragon/www/18indri/vendor/laravel/framework/src/Illuminate/Pipeline/Pipeline.php(219): Illuminate/Foundation/Http/Middleware/InvokeDeferredCallbacks->handle(Object(Illuminate/Http/Request), Object(Closure))
#43 C:/laragon/www/18indri/vendor/laravel/framework/src/Illuminate/Http/Middleware/ValidatePathEncoding.php(28): Illuminate/Pipeline/Pipeline->{closure:{closure:Illuminate/Pipeline/Pipeline::carry():194}:195}(Object(Illuminate/Http/Request))
#44 C:/laragon/www/18indri/vendor/laravel/framework/src/Illuminate/Pipeline/Pipeline.php(219): Illuminate/Http/Middleware/ValidatePathEncoding->handle(Object(Illuminate/Http/Request), Object(Closure))
#45 C:/laragon/www/18indri/vendor/laravel/framework/src/Illuminate/Pipeline/Pipeline.php(137): Illuminate/Pipeline/Pipeline->{closure:{closure:Illuminate/Pipeline/Pipeline::carry():194}:195}(Object(Illuminate/Http/Request))
#46 C:/laragon/www/18indri/vendor/laravel/framework/src/Illuminate/Foundation/Http/Kernel.php(175): Illuminate/Pipeline/Pipeline->then(Object(Closure))
#47 C:/laragon/www/18indri/vendor/laravel/framework/src/Illuminate/Foundation/Http/Kernel.php(144): Illuminate/Foundation/Http/Kernel->sendRequestThroughRouter(Object(Illuminate/Http/Request))
#48 C:/laragon/www/18indri/vendor/laravel/framework/src/Illuminate/Foundation/Application.php(1227): Illuminate/Foundation/Http/Kernel->handle(Object(Illuminate/Http/Request))
#49 C:/laragon/www/18indri/public/index.php(20): Illuminate/Foundation/Application->handleRequest(Object(Illuminate/Http/Request))
#50 C:/laragon/www/18indri/vendor/laravel/framework/src/Illuminate/Foundation/resources/server.php(23): require_once('C://laragon//www//...')
#51 {main}

[previous exception] [object] (PDOException(code: 1049): SQLSTATE[HY000] [1049] Unknown database 'laravel' at C:/laragon/www/18indri/vendor/laravel/framework/src/Illuminate/Database/Connectors/Connector.php:67)
[stacktrace]
#0 C:/laragon/www/18indri/vendor/laravel/framework/src/Illuminate/Database/Connectors/Connector.php(67): PDO::connect('mysql:host=127....', 'root', Object(SensitiveParameterValue), Array)
#1 C:/laragon/www/18indri/vendor/laravel/framework/src/Illuminate/Database/Connectors/Connector.php(44): Illuminate/Database/Connectors/Connector->createPdoConnection('mysql:host=127....', 'root', Object(SensitiveParameterValue), Array)
#2 C:/laragon/www/18indri/vendor/laravel/framework/src/Illuminate/Database/Connectors/MySqlConnector.php(24): Illuminate/Database/Connectors/Connector->createConnection('mysql:host=127....', Array, Array)
#3 C:/laragon/www/18indri/vendor/laravel/framework/src/Illuminate/Database/Connectors/ConnectionFactory.php(220): Illuminate/Database/Connectors/MySqlConnector->connect(Array)
#4 [internal function]: Illuminate/Database/Connectors/ConnectionFactory->{closure:Illuminate/Database/Connectors/ConnectionFactory::createPdoResolverWithHosts():213}()
#5 C:/laragon/www/18indri/vendor/laravel/framework/src/Illuminate/Database/Connection.php(1298): call_user_func(Object(Closure))
#6 C:/laragon/www/18indri/vendor/laravel/framework/src/Illuminate/Database/Connection.php(542): Illuminate/Database/Connection->getPdo()
#7 C:/laragon/www/18indri/vendor/laravel/framework/src/Illuminate/Database/Connection.php(435): Illuminate/Database/Connection->getPdoForSelect(false)
#8 C:/laragon/www/18indri/vendor/laravel/framework/src/Illuminate/Database/Connection.php(846): Illuminate/Database/Connection->{closure:Illuminate/Database/Connection::select():426}('select * from `...', Array)
#9 C:/laragon/www/18indri/vendor/laravel/framework/src/Illuminate/Database/Connection.php(813): Illuminate/Database/Connection->runQueryCallback('select * from `...', Array, Object(Closure))
#10 C:/laragon/www/18indri/vendor/laravel/framework/src/Illuminate/Database/Connection.php(426): Illuminate/Database/Connection->run('select * from `...', Array, Object(Closure))
#11 C:/laragon/www/18indri/vendor/laravel/framework/src/Illuminate/Database/Query/Builder.php(3631): Illuminate/Database/Connection->select('select * from `...', Array, false, Array)
#12 C:/laragon/www/18indri/vendor/laravel/framework/src/Illuminate/Database/Query/Builder.php(3615): Illuminate/Database/Query/Builder->runSelect()
#13 C:/laragon/www/18indri/vendor/laravel/framework/src/Illuminate/Database/Concerns/BuildsQueries.php(408): Illuminate/Database/Query/Builder->get(Array)
#14 C:/laragon/www/18indri/vendor/laravel/framework/src/Illuminate/Database/Query/Builder.php(3533): Illuminate/Database/Query/Builder->first(Array)
#15 C:/laragon/www/18indri/vendor/laravel/framework/src/Illuminate/Session/DatabaseSessionHandler.php(117): Illuminate/Database/Query/Builder->find('NkIDS2JAHQUECmn...')
#16 C:/laragon/www/18indri/vendor/laravel/framework/src/Illuminate/Session/Store.php(128): Illuminate/Session/DatabaseSessionHandler->read('NkIDS2JAHQUECmn...')
#17 C:/laragon/www/18indri/vendor/laravel/framework/src/Illuminate/Session/Store.php(116): Illuminate/Session/Store->readFromHandler()
#18 C:/laragon/www/18indri/vendor/laravel/framework/src/Illuminate/Session/Store.php(100): Illuminate/Session/Store->loadSession()
#19 C:/laragon/www/18indri/vendor/laravel/framework/src/Illuminate/Session/Middleware/StartSession.php(146): Illuminate/Session/Store->start()
#20 C:/laragon/www/18indri/vendor/laravel/framework/src/Illuminate/Support/helpers.php(393): Illuminate/Session/Middleware/StartSession->{closure:Illuminate/Session/Middleware/StartSession::startSession():143}(Object(Illuminate/Session/Store))
#21 C:/laragon/www/18indri/vendor/laravel/framework/src/Illuminate/Session/Middleware/StartSession.php(143): tap(Object(Illuminate/Session/Store), Object(Closure))
#22 C:/laragon/www/18indri/vendor/laravel/framework/src/Illuminate/Session/Middleware/StartSession.php(115): Illuminate/Session/Middleware/StartSession->startSession(Object(Illuminate/Http/Request), Object(Illuminate/Session/Store))
#23 C:/laragon/www/18indri/vendor/laravel/framework/src/Illuminate/Session/Middleware/StartSession.php(63): Illuminate/Session/Middleware/StartSession->handleStatefulRequest(Object(Illuminate/Http/Request), Object(Illuminate/Session/Store), Object(Closure))
#24 C:/laragon/www/18indri/vendor/laravel/framework/src/Illuminate/Pipeline/Pipeline.php(219): Illuminate/Session/Middleware/StartSession->handle(Object(Illuminate/Http/Request), Object(Closure))
#25 C:/laragon/www/18indri/vendor/laravel/framework/src/Illuminate/Cookie/Middleware/AddQueuedCookiesToResponse.php(36): Illuminate/Pipeline/Pipeline->{closure:{closure:Illuminate/Pipeline/Pipeline::carry():194}:195}(Object(Illuminate/Http/Request))
#26 C:/laragon/www/18indri/vendor/laravel/framework/src/Illuminate/Pipeline/Pipeline.php(219): Illuminate/Cookie/Middleware/AddQueuedCookiesToResponse->handle(Object(Illuminate/Http/Request), Object(Closure))
#27 C:/laragon/www/18indri/vendor/laravel/framework/src/Illuminate/Cookie/Middleware/EncryptCookies.php(74): Illuminate/Pipeline/Pipeline->{closure:{closure:Illuminate/Pipeline/Pipeline::carry():194}:195}(Object(Illuminate/Http/Request))
#28 C:/laragon/www/18indri/vendor/laravel/framework/src/Illuminate/Pipeline/Pipeline.php(219): Illuminate/Cookie/Middleware/EncryptCookies->handle(Object(Illuminate/Http/Request), Object(Closure))
#29 C:/laragon/www/18indri/vendor/laravel/framework/src/Illuminate/Pipeline/Pipeline.php(137): Illuminate/Pipeline/Pipeline->{closure:{closure:Illuminate/Pipeline/Pipeline::carry():194}:195}(Object(Illuminate/Http/Request))
#30 C:/laragon/www/18indri/vendor/laravel/framework/src/Illuminate/Routing/Router.php(821): Illuminate/Pipeline/Pipeline->then(Object(Closure))
#31 C:/laragon/www/18indri/vendor/laravel/framework/src/Illuminate/Routing/Router.php(800): Illuminate/Routing/Router->runRouteWithinStack(Object(Illuminate/Routing/Route), Object(Illuminate/Http/Request))
#32 C:/laragon/www/18indri/vendor/laravel/framework/src/Illuminate/Routing/Router.php(764): Illuminate/Routing/Router->runRoute(Object(Illuminate/Http/Request), Object(Illuminate/Routing/Route))
#33 C:/laragon/www/18indri/vendor/laravel/framework/src/Illuminate/Routing/Router.php(753): Illuminate/Routing/Router->dispatchToRoute(Object(Illuminate/Http/Request))
#34 C:/laragon/www/18indri/vendor/laravel/framework/src/Illuminate/Foundation/Http/Kernel.php(200): Illuminate/Routing/Router->dispatch(Object(Illuminate/Http/Request))
#35 C:/laragon/www/18indri/vendor/laravel/framework/src/Illuminate/Pipeline/Pipeline.php(180): Illuminate/Foundation/Http/Kernel->{closure:Illuminate/Foundation/Http/Kernel::dispatchToRouter():197}(Object(Illuminate/Http/Request))
#36 C:/laragon/www/18indri/vendor/laravel/framework/src/Illuminate/Foundation/Http/Middleware/TransformsRequest.php(21): Illuminate/Pipeline/Pipeline->{closure:Illuminate/Pipeline/Pipeline::prepareDestination():178}(Object(Illuminate/Http/Request))
#37 C:/laragon/www/18indri/vendor/laravel/framework/src/Illuminate/Foundation/Http/Middleware/ConvertEmptyStringsToNull.php(31): Illuminate/Foundation/Http/Middleware/TransformsRequest->handle(Object(Illuminate/Http/Request), Object(Closure))
#38 C:/laragon/www/18indri/vendor/laravel/framework/src/Illuminate/Pipeline/Pipeline.php(219): Illuminate/Foundation/Http/Middleware/ConvertEmptyStringsToNull->handle(Object(Illuminate/Http/Request), Object(Closure))
#39 C:/laragon/www/18indri/vendor/laravel/framework/src/Illuminate/Foundation/Http/Middleware/TransformsRequest.php(21): Illuminate/Pipeline/Pipeline->{closure:{closure:Illuminate/Pipeline/Pipeline::carry():194}:195}(Object(Illuminate/Http/Request))
#40 C:/laragon/www/18indri/vendor/laravel/framework/src/Illuminate/Foundation/Http/Middleware/TrimStrings.php(51): Illuminate/Foundation/Http/Middleware/TransformsRequest->handle(Object(Illuminate/Http/Request), Object(Closure))
#41 C:/laragon/www/18indri/vendor/laravel/framework/src/Illuminate/Pipeline/Pipeline.php(219): Illuminate/Foundation/Http/Middleware/TrimStrings->handle(Object(Illuminate/Http/Request), Object(Closure))
#42 C:/laragon/www/18indri/vendor/laravel/framework/src/Illuminate/Http/Middleware/ValidatePostSize.php(27): Illuminate/Pipeline/Pipeline->{closure:{closure:Illuminate/Pipeline/Pipeline::carry():194}:195}(Object(Illuminate/Http/Request))
#43 C:/laragon/www/18indri/vendor/laravel/framework/src/Illuminate/Pipeline/Pipeline.php(219): Illuminate/Http/Middleware/ValidatePostSize->handle(Object(Illuminate/Http/Request), Object(Closure))
#44 C:/laragon/www/18indri/vendor/laravel/framework/src/Illuminate/Foundation/Http/Middleware/PreventRequestsDuringMaintenance.php(110): Illuminate/Pipeline/Pipeline->{closure:{closure:Illuminate/Pipeline/Pipeline::carry():194}:195}(Object(Illuminate/Http/Request))
#45 C:/laragon/www/18indri/vendor/laravel/framework/src/Illuminate/Pipeline/Pipeline.php(219): Illuminate/Foundation/Http/Middleware/PreventRequestsDuringMaintenance->handle(Object(Illuminate/Http/Request), Object(Closure))
#46 C:/laragon/www/18indri/vendor/laravel/framework/src/Illuminate/Http/Middleware/HandleCors.php(61): Illuminate/Pipeline/Pipeline->{closure:{closure:Illuminate/Pipeline/Pipeline::carry():194}:195}(Object(Illuminate/Http/Request))
#47 C:/laragon/www/18indri/vendor/laravel/framework/src/Illuminate/Pipeline/Pipeline.php(219): Illuminate/Http/Middleware/HandleCors->handle(Object(Illuminate/Http/Request), Object(Closure))
#48 C:/laragon/www/18indri/vendor/laravel/framework/src/Illuminate/Http/Middleware/TrustProxies.php(58): Illuminate/Pipeline/Pipeline->{closure:{closure:Illuminate/Pipeline/Pipeline::carry():194}:195}(Object(Illuminate/Http/Request))
#49 C:/laragon/www/18indri/vendor/laravel/framework/src/Illuminate/Pipeline/Pipeline.php(219): Illuminate/Http/Middleware/TrustProxies->handle(Object(Illuminate/Http/Request), Object(Closure))
#50 C:/laragon/www/18indri/vendor/laravel/framework/src/Illuminate/Foundation/Http/Middleware/InvokeDeferredCallbacks.php(22): Illuminate/Pipeline/Pipeline->{closure:{closure:Illuminate/Pipeline/Pipeline::carry():194}:195}(Object(Illuminate/Http/Request))
#51 C:/laragon/www/18indri/vendor/laravel/framework/src/Illuminate/Pipeline/Pipeline.php(219): Illuminate/Foundation/Http/Middleware/InvokeDeferredCallbacks->handle(Object(Illuminate/Http/Request), Object(Closure))
#52 C:/laragon/www/18indri/vendor/laravel/framework/src/Illuminate/Http/Middleware/ValidatePathEncoding.php(28): Illuminate/Pipeline/Pipeline->{closure:{closure:Illuminate/Pipeline/Pipeline::carry():194}:195}(Object(Illuminate/Http/Request))
#53 C:/laragon/www/18indri/vendor/laravel/framework/src/Illuminate/Pipeline/Pipeline.php(219): Illuminate/Http/Middleware/ValidatePathEncoding->handle(Object(Illuminate/Http/Request), Object(Closure))
#54 C:/laragon/www/18indri/vendor/laravel/framework/src/Illuminate/Pipeline/Pipeline.php(137): Illuminate/Pipeline/Pipeline->{closure:{closure:Illuminate/Pipeline/Pipeline::carry():194}:195}(Object(Illuminate/Http/Request))
#55 C:/laragon/www/18indri/vendor/laravel/framework/src/Illuminate/Foundation/Http/Kernel.php(175): Illuminate/Pipeline/Pipeline->then(Object(Closure))
#56 C:/laragon/www/18indri/vendor/laravel/framework/src/Illuminate/Foundation/Http/Kernel.php(144): Illuminate/Foundation/Http/Kernel->sendRequestThroughRouter(Object(Illuminate/Http/Request))
#57 C:/laragon/www/18indri/vendor/laravel/framework/src/Illuminate/Foundation/Application.php(1227): Illuminate/Foundation/Http/Kernel->handle(Object(Illuminate/Http/Request))
#58 C:/laragon/www/18indri/public/index.php(20): Illuminate/Foundation/Application->handleRequest(Object(Illuminate/Http/Request))
#59 C:/laragon/www/18indri/vendor/laravel/framework/src/Illuminate/Foundation/resources/server.php(23): require_once('C://laragon//www//...')
#60 {main}
"} 
[2026-09-24 02:51:10] local.ERROR: syntax error, unexpected identifier "Route", expecting "," or ";" {"exception":"[object] (ParseError(code: 0): syntax error, unexpected identifier \"Route\", expecting \",\" or \";\" at C:/laragon/www/18indri/routes/api.php:7)
[stacktrace]
#0 C:/laragon/www/18indri/vendor/laravel/framework/src/Illuminate/Routing/Router.php(526): Illuminate/Routing/RouteFileRegistrar->register('C://laragon//www//...')
#1 C:/laragon/www/18indri/vendor/laravel/framework/src/Illuminate/Routing/Router.php(480): Illuminate/Routing/Router->loadRoutes('C://laragon//www//...')
#2 C:/laragon/www/18indri/vendor/laravel/framework/src/Illuminate/Routing/RouteRegistrar.php(224): Illuminate/Routing/Router->group(Array, 'C://laragon//www//...')
#3 C:/laragon/www/18indri/vendor/laravel/framework/src/Illuminate/Foundation/Configuration/ApplicationBuilder.php(219): Illuminate/Routing/RouteRegistrar->group('C://laragon//www//...')
#4 C:/laragon/www/18indri/vendor/laravel/framework/src/Illuminate/Container/BoundMethod.php(36): Illuminate/Foundation/Configuration/ApplicationBuilder->{closure:Illuminate/Foundation/Configuration/ApplicationBuilder::buildRoutingCallback():210}()
#5 C:/laragon/www/18indri/vendor/laravel/framework/src/Illuminate/Container/Util.php(43): Illuminate/Container/BoundMethod::{closure:Illuminate/Container/BoundMethod::call():35}()
#6 C:/laragon/www/18indri/vendor/laravel/framework/src/Illuminate/Container/BoundMethod.php(84): Illuminate/Container/Util::unwrapIfClosure(Object(Closure))
#7 C:/laragon/www/18indri/vendor/laravel/framework/src/Illuminate/Container/BoundMethod.php(35): Illuminate/Container/BoundMethod::callBoundMethod(Object(Illuminate/Foundation/Application), Object(Closure), Object(Closure))
#8 C:/laragon/www/18indri/vendor/laravel/framework/src/Illuminate/Container/Container.php(803): Illuminate/Container/BoundMethod::call(Object(Illuminate/Foundation/Application), Object(Closure), Array, NULL)
#9 C:/laragon/www/18indri/vendor/laravel/framework/src/Illuminate/Foundation/Support/Providers/RouteServiceProvider.php(162): Illuminate/Container/Container->call(Object(Closure))
#10 C:/laragon/www/18indri/vendor/laravel/framework/src/Illuminate/Foundation/Support/Providers/RouteServiceProvider.php(59): Illuminate/Foundation/Support/Providers/RouteServiceProvider->loadRoutes()
#11 C:/laragon/www/18indri/vendor/laravel/framework/src/Illuminate/Container/BoundMethod.php(36): Illuminate/Foundation/Support/Providers/RouteServiceProvider->{closure:Illuminate/Foundation/Support/Providers/RouteServiceProvider::register():53}()
#12 C:/laragon/www/18indri/vendor/laravel/framework/src/Illuminate/Container/Util.php(43): Illuminate/Container/BoundMethod::{closure:Illuminate/Container/BoundMethod::call():35}()
#13 C:/laragon/www/18indri/vendor/laravel/framework/src/Illuminate/Container/BoundMethod.php(84): Illuminate/Container/Util::unwrapIfClosure(Object(Closure))
#14 C:/laragon/www/18indri/vendor/laravel/framework/src/Illuminate/Container/BoundMethod.php(35): Illuminate/Container/BoundMethod::callBoundMethod(Object(Illuminate/Foundation/Application), Object(Closure), Object(Closure))
#15 C:/laragon/www/18indri/vendor/laravel/framework/src/Illuminate/Container/Container.php(803): Illuminate/Container/BoundMethod::call(Object(Illuminate/Foundation/Application), Object(Closure), Array, NULL)
#16 C:/laragon/www/18indri/vendor/laravel/framework/src/Illuminate/Support/ServiceProvider.php(150): Illuminate/Container/Container->call(Object(Closure))
#17 C:/laragon/www/18indri/vendor/laravel/framework/src/Illuminate/Foundation/Application.php(1161): Illuminate/Support/ServiceProvider->callBootedCallbacks()
#18 C:/laragon/www/18indri/vendor/laravel/framework/src/Illuminate/Foundation/Application.php(1139): Illuminate/Foundation/Application->bootProvider(Object(Illuminate/Foundation/Support/Providers/RouteServiceProvider))
#19 [internal function]: Illuminate/Foundation/Application->{closure:Illuminate/Foundation/Application::boot():1138}(Object(Illuminate/Foundation/Support/Providers/RouteServiceProvider), 'Illuminate//Foun...')
#20 C:/laragon/www/18indri/vendor/laravel/framework/src/Illuminate/Foundation/Application.php(1138): array_walk(Array, Object(Closure))
#21 C:/laragon/www/18indri/vendor/laravel/framework/src/Illuminate/Foundation/Bootstrap/BootProviders.php(17): Illuminate/Foundation/Application->boot()
#22 C:/laragon/www/18indri/vendor/laravel/framework/src/Illuminate/Foundation/Application.php(349): Illuminate/Foundation/Bootstrap/BootProviders->bootstrap(Object(Illuminate/Foundation/Application))
#23 C:/laragon/www/18indri/vendor/laravel/framework/src/Illuminate/Foundation/Console/Kernel.php(507): Illuminate/Foundation/Application->bootstrapWith(Array)
#24 C:/laragon/www/18indri/vendor/laravel/framework/src/Illuminate/Foundation/Console/Kernel.php(196): Illuminate/Foundation/Console/Kernel->bootstrap()
#25 Command line code(1): Illuminate/Foundation/Console/Kernel->handle(Object(Symfony/Component/Console/Input/ArgvInput), Object(Symfony/Component/Console/Output/ConsoleOutput))
#26 {main}
"} 
[2026-09-24 02:51:23] local.ERROR: syntax error, unexpected identifier "Route", expecting "," or ";" {"exception":"[object] (ParseError(code: 0): syntax error, unexpected identifier \"Route\", expecting \",\" or \";\" at C:/laragon/www/18indri/routes/api.php:7)
[stacktrace]
#0 C:/laragon/www/18indri/vendor/laravel/framework/src/Illuminate/Routing/Router.php(526): Illuminate/Routing/RouteFileRegistrar->register('C://laragon//www//...')
#1 C:/laragon/www/18indri/vendor/laravel/framework/src/Illuminate/Routing/Router.php(480): Illuminate/Routing/Router->loadRoutes('C://laragon//www//...')
#2 C:/laragon/www/18indri/vendor/laravel/framework/src/Illuminate/Routing/RouteRegistrar.php(224): Illuminate/Routing/Router->group(Array, 'C://laragon//www//...')
#3 C:/laragon/www/18indri/vendor/laravel/framework/src/Illuminate/Foundation/Configuration/ApplicationBuilder.php(219): Illuminate/Routing/RouteRegistrar->group('C://laragon//www//...')
#4 C:/laragon/www/18indri/vendor/laravel/framework/src/Illuminate/Container/BoundMethod.php(36): Illuminate/Foundation/Configuration/ApplicationBuilder->{closure:Illuminate/Foundation/Configuration/ApplicationBuilder::buildRoutingCallback():210}()
#5 C:/laragon/www/18indri/vendor/laravel/framework/src/Illuminate/Container/Util.php(43): Illuminate/Container/BoundMethod::{closure:Illuminate/Container/BoundMethod::call():35}()
#6 C:/laragon/www/18indri/vendor/laravel/framework/src/Illuminate/Container/BoundMethod.php(84): Illuminate/Container/Util::unwrapIfClosure(Object(Closure))
#7 C:/laragon/www/18indri/vendor/laravel/framework/src/Illuminate/Container/BoundMethod.php(35): Illuminate/Container/BoundMethod::callBoundMethod(Object(Illuminate/Foundation/Application), Object(Closure), Object(Closure))
#8 C:/laragon/www/18indri/vendor/laravel/framework/src/Illuminate/Container/Container.php(803): Illuminate/Container/BoundMethod::call(Object(Illuminate/Foundation/Application), Object(Closure), Array, NULL)
#9 C:/laragon/www/18indri/vendor/laravel/framework/src/Illuminate/Foundation/Support/Providers/RouteServiceProvider.php(162): Illuminate/Container/Container->call(Object(Closure))
#10 C:/laragon/www/18indri/vendor/laravel/framework/src/Illuminate/Foundation/Support/Providers/RouteServiceProvider.php(59): Illuminate/Foundation/Support/Providers/RouteServiceProvider->loadRoutes()
#11 C:/laragon/www/18indri/vendor/laravel/framework/src/Illuminate/Container/BoundMethod.php(36): Illuminate/Foundation/Support/Providers/RouteServiceProvider->{closure:Illuminate/Foundation/Support/Providers/RouteServiceProvider::register():53}()
#12 C:/laragon/www/18indri/vendor/laravel/framework/src/Illuminate/Container/Util.php(43): Illuminate/Container/BoundMethod::{closure:Illuminate/Container/BoundMethod::call():35}()
#13 C:/laragon/www/18indri/vendor/laravel/framework/src/Illuminate/Container/BoundMethod.php(84): Illuminate/Container/Util::unwrapIfClosure(Object(Closure))
#14 C:/laragon/www/18indri/vendor/laravel/framework/src/Illuminate/Container/BoundMethod.php(35): Illuminate/Container/BoundMethod::callBoundMethod(Object(Illuminate/Foundation/Application), Object(Closure), Object(Closure))
#15 C:/laragon/www/18indri/vendor/laravel/framework/src/Illuminate/Container/Container.php(803): Illuminate/Container/BoundMethod::call(Object(Illuminate/Foundation/Application), Object(Closure), Array, NULL)
#16 C:/laragon/www/18indri/vendor/laravel/framework/src/Illuminate/Support/ServiceProvider.php(150): Illuminate/Container/Container->call(Object(Closure))
#17 C:/laragon/www/18indri/vendor/laravel/framework/src/Illuminate/Foundation/Application.php(1161): Illuminate/Support/ServiceProvider->callBootedCallbacks()
#18 C:/laragon/www/18indri/vendor/laravel/framework/src/Illuminate/Foundation/Application.php(1139): Illuminate/Foundation/Application->bootProvider(Object(Illuminate/Foundation/Support/Providers/RouteServiceProvider))
#19 [internal function]: Illuminate/Foundation/Application->{closure:Illuminate/Foundation/Application::boot():1138}(Object(Illuminate/Foundation/Support/Providers/RouteServiceProvider), 'Illuminate//Foun...')
#20 C:/laragon/www/18indri/vendor/laravel/framework/src/Illuminate/Foundation/Application.php(1138): array_walk(Array, Object(Closure))
#21 C:/laragon/www/18indri/vendor/laravel/framework/src/Illuminate/Foundation/Bootstrap/BootProviders.php(17): Illuminate/Foundation/Application->boot()
#22 C:/laragon/www/18indri/vendor/laravel/framework/src/Illuminate/Foundation/Application.php(349): Illuminate/Foundation/Bootstrap/BootProviders->bootstrap(Object(Illuminate/Foundation/Application))
#23 C:/laragon/www/18indri/vendor/laravel/framework/src/Illuminate/Foundation/Console/Kernel.php(507): Illuminate/Foundation/Application->bootstrapWith(Array)
#24 C:/laragon/www/18indri/vendor/laravel/framework/src/Illuminate/Foundation/Console/Kernel.php(196): Illuminate/Foundation/Console/Kernel->bootstrap()
#25 Command line code(1): Illuminate/Foundation/Console/Kernel->handle(Object(Symfony/Component/Console/Input/ArgvInput), Object(Symfony/Component/Console/Output/ConsoleOutput))
#26 {main}
"} 
[2026-09-24 02:52:16] local.ERROR: syntax error, unexpected end of file {"exception":"[object] (ParseError(code: 0): syntax error, unexpected end of file at C:/laragon/www/18indri/routes/api.php:12)
[stacktrace]
#0 C:/laragon/www/18indri/vendor/laravel/framework/src/Illuminate/Routing/Router.php(526): Illuminate/Routing/RouteFileRegistrar->register('C://laragon//www//...')
#1 C:/laragon/www/18indri/vendor/laravel/framework/src/Illuminate/Routing/Router.php(480): Illuminate/Routing/Router->loadRoutes('C://laragon//www//...')
#2 C:/laragon/www/18indri/vendor/laravel/framework/src/Illuminate/Routing/RouteRegistrar.php(224): Illuminate/Routing/Router->group(Array, 'C://laragon//www//...')
#3 C:/laragon/www/18indri/vendor/laravel/framework/src/Illuminate/Foundation/Configuration/ApplicationBuilder.php(219): Illuminate/Routing/RouteRegistrar->group('C://laragon//www//...')
#4 C:/laragon/www/18indri/vendor/laravel/framework/src/Illuminate/Container/BoundMethod.php(36): Illuminate/Foundation/Configuration/ApplicationBuilder->{closure:Illuminate/Foundation/Configuration/ApplicationBuilder::buildRoutingCallback():210}()
#5 C:/laragon/www/18indri/vendor/laravel/framework/src/Illuminate/Container/Util.php(43): Illuminate/Container/BoundMethod::{closure:Illuminate/Container/BoundMethod::call():35}()
#6 C:/laragon/www/18indri/vendor/laravel/framework/src/Illuminate/Container/BoundMethod.php(84): Illuminate/Container/Util::unwrapIfClosure(Object(Closure))
#7 C:/laragon/www/18indri/vendor/laravel/framework/src/Illuminate/Container/BoundMethod.php(35): Illuminate/Container/BoundMethod::callBoundMethod(Object(Illuminate/Foundation/Application), Object(Closure), Object(Closure))
#8 C:/laragon/www/18indri/vendor/laravel/framework/src/Illuminate/Container/Container.php(803): Illuminate/Container/BoundMethod::call(Object(Illuminate/Foundation/Application), Object(Closure), Array, NULL)
#9 C:/laragon/www/18indri/vendor/laravel/framework/src/Illuminate/Foundation/Support/Providers/RouteServiceProvider.php(162): Illuminate/Container/Container->call(Object(Closure))
#10 C:/laragon/www/18indri/vendor/laravel/framework/src/Illuminate/Foundation/Support/Providers/RouteServiceProvider.php(59): Illuminate/Foundation/Support/Providers/RouteServiceProvider->loadRoutes()
#11 C:/laragon/www/18indri/vendor/laravel/framework/src/Illuminate/Container/BoundMethod.php(36): Illuminate/Foundation/Support/Providers/RouteServiceProvider->{closure:Illuminate/Foundation/Support/Providers/RouteServiceProvider::register():53}()
#12 C:/laragon/www/18indri/vendor/laravel/framework/src/Illuminate/Container/Util.php(43): Illuminate/Container/BoundMethod::{closure:Illuminate/Container/BoundMethod::call():35}()
#13 C:/laragon/www/18indri/vendor/laravel/framework/src/Illuminate/Container/BoundMethod.php(84): Illuminate/Container/Util::unwrapIfClosure(Object(Closure))
#14 C:/laragon/www/18indri/vendor/laravel/framework/src/Illuminate/Container/BoundMethod.php(35): Illuminate/Container/BoundMethod::callBoundMethod(Object(Illuminate/Foundation/Application), Object(Closure), Object(Closure))
#15 C:/laragon/www/18indri/vendor/laravel/framework/src/Illuminate/Container/Container.php(803): Illuminate/Container/BoundMethod::call(Object(Illuminate/Foundation/Application), Object(Closure), Array, NULL)
#16 C:/laragon/www/18indri/vendor/laravel/framework/src/Illuminate/Support/ServiceProvider.php(150): Illuminate/Container/Container->call(Object(Closure))
#17 C:/laragon/www/18indri/vendor/laravel/framework/src/Illuminate/Foundation/Application.php(1161): Illuminate/Support/ServiceProvider->callBootedCallbacks()
#18 C:/laragon/www/18indri/vendor/laravel/framework/src/Illuminate/Foundation/Application.php(1139): Illuminate/Foundation/Application->bootProvider(Object(Illuminate/Foundation/Support/Providers/RouteServiceProvider))
#19 [internal function]: Illuminate/Foundation/Application->{closure:Illuminate/Foundation/Application::boot():1138}(Object(Illuminate/Foundation/Support/Providers/RouteServiceProvider), 'Illuminate//Foun...')
#20 C:/laragon/www/18indri/vendor/laravel/framework/src/Illuminate/Foundation/Application.php(1138): array_walk(Array, Object(Closure))
#21 C:/laragon/www/18indri/vendor/laravel/framework/src/Illuminate/Foundation/Bootstrap/BootProviders.php(17): Illuminate/Foundation/Application->boot()
#22 C:/laragon/www/18indri/vendor/laravel/framework/src/Illuminate/Foundation/Application.php(349): Illuminate/Foundation/Bootstrap/BootProviders->bootstrap(Object(Illuminate/Foundation/Application))
#23 C:/laragon/www/18indri/vendor/laravel/framework/src/Illuminate/Foundation/Console/Kernel.php(507): Illuminate/Foundation/Application->bootstrapWith(Array)
#24 C:/laragon/www/18indri/vendor/laravel/framework/src/Illuminate/Foundation/Console/Kernel.php(196): Illuminate/Foundation/Console/Kernel->bootstrap()
#25 Command line code(1): Illuminate/Foundation/Console/Kernel->handle(Object(Symfony/Component/Console/Input/ArgvInput), Object(Symfony/Component/Console/Output/ConsoleOutput))
#26 {main}
"} 
[2026-09-24 02:52:32] local.ERROR: syntax error, unexpected end of file {"exception":"[object] (ParseError(code: 0): syntax error, unexpected end of file at C:/laragon/www/18indri/routes/api.php:12)
[stacktrace]
#0 C:/laragon/www/18indri/vendor/laravel/framework/src/Illuminate/Routing/Router.php(526): Illuminate/Routing/RouteFileRegistrar->register('C://laragon//www//...')
#1 C:/laragon/www/18indri/vendor/laravel/framework/src/Illuminate/Routing/Router.php(480): Illuminate/Routing/Router->loadRoutes('C://laragon//www//...')
#2 C:/laragon/www/18indri/vendor/laravel/framework/src/Illuminate/Routing/RouteRegistrar.php(224): Illuminate/Routing/Router->group(Array, 'C://laragon//www//...')
#3 C:/laragon/www/18indri/vendor/laravel/framework/src/Illuminate/Foundation/Configuration/ApplicationBuilder.php(219): Illuminate/Routing/RouteRegistrar->group('C://laragon//www//...')
#4 C:/laragon/www/18indri/vendor/laravel/framework/src/Illuminate/Container/BoundMethod.php(36): Illuminate/Foundation/Configuration/ApplicationBuilder->{closure:Illuminate/Foundation/Configuration/ApplicationBuilder::buildRoutingCallback():210}()
#5 C:/laragon/www/18indri/vendor/laravel/framework/src/Illuminate/Container/Util.php(43): Illuminate/Container/BoundMethod::{closure:Illuminate/Container/BoundMethod::call():35}()
#6 C:/laragon/www/18indri/vendor/laravel/framework/src/Illuminate/Container/BoundMethod.php(84): Illuminate/Container/Util::unwrapIfClosure(Object(Closure))
#7 C:/laragon/www/18indri/vendor/laravel/framework/src/Illuminate/Container/BoundMethod.php(35): Illuminate/Container/BoundMethod::callBoundMethod(Object(Illuminate/Foundation/Application), Object(Closure), Object(Closure))
#8 C:/laragon/www/18indri/vendor/laravel/framework/src/Illuminate/Container/Container.php(803): Illuminate/Container/BoundMethod::call(Object(Illuminate/Foundation/Application), Object(Closure), Array, NULL)
#9 C:/laragon/www/18indri/vendor/laravel/framework/src/Illuminate/Foundation/Support/Providers/RouteServiceProvider.php(162): Illuminate/Container/Container->call(Object(Closure))
#10 C:/laragon/www/18indri/vendor/laravel/framework/src/Illuminate/Foundation/Support/Providers/RouteServiceProvider.php(59): Illuminate/Foundation/Support/Providers/RouteServiceProvider->loadRoutes()
#11 C:/laragon/www/18indri/vendor/laravel/framework/src/Illuminate/Container/BoundMethod.php(36): Illuminate/Foundation/Support/Providers/RouteServiceProvider->{closure:Illuminate/Foundation/Support/Providers/RouteServiceProvider::register():53}()
#12 C:/laragon/www/18indri/vendor/laravel/framework/src/Illuminate/Container/Util.php(43): Illuminate/Container/BoundMethod::{closure:Illuminate/Container/BoundMethod::call():35}()
#13 C:/laragon/www/18indri/vendor/laravel/framework/src/Illuminate/Container/BoundMethod.php(84): Illuminate/Container/Util::unwrapIfClosure(Object(Closure))
#14 C:/laragon/www/18indri/vendor/laravel/framework/src/Illuminate/Container/BoundMethod.php(35): Illuminate/Container/BoundMethod::callBoundMethod(Object(Illuminate/Foundation/Application), Object(Closure), Object(Closure))
#15 C:/laragon/www/18indri/vendor/laravel/framework/src/Illuminate/Container/Container.php(803): Illuminate/Container/BoundMethod::call(Object(Illuminate/Foundation/Application), Object(Closure), Array, NULL)
#16 C:/laragon/www/18indri/vendor/laravel/framework/src/Illuminate/Support/ServiceProvider.php(150): Illuminate/Container/Container->call(Object(Closure))
#17 C:/laragon/www/18indri/vendor/laravel/framework/src/Illuminate/Foundation/Application.php(1161): Illuminate/Support/ServiceProvider->callBootedCallbacks()
#18 C:/laragon/www/18indri/vendor/laravel/framework/src/Illuminate/Foundation/Application.php(1139): Illuminate/Foundation/Application->bootProvider(Object(Illuminate/Foundation/Support/Providers/RouteServiceProvider))
#19 [internal function]: Illuminate/Foundation/Application->{closure:Illuminate/Foundation/Application::boot():1138}(Object(Illuminate/Foundation/Support/Providers/RouteServiceProvider), 'Illuminate//Foun...')
#20 C:/laragon/www/18indri/vendor/laravel/framework/src/Illuminate/Foundation/Application.php(1138): array_walk(Array, Object(Closure))
#21 C:/laragon/www/18indri/vendor/laravel/framework/src/Illuminate/Foundation/Bootstrap/BootProviders.php(17): Illuminate/Foundation/Application->boot()
#22 C:/laragon/www/18indri/vendor/laravel/framework/src/Illuminate/Foundation/Application.php(349): Illuminate/Foundation/Bootstrap/BootProviders->bootstrap(Object(Illuminate/Foundation/Application))
#23 C:/laragon/www/18indri/vendor/laravel/framework/src/Illuminate/Foundation/Console/Kernel.php(507): Illuminate/Foundation/Application->bootstrapWith(Array)
#24 C:/laragon/www/18indri/vendor/laravel/framework/src/Illuminate/Foundation/Console/Kernel.php(196): Illuminate/Foundation/Console/Kernel->bootstrap()
#25 Command line code(1): Illuminate/Foundation/Console/Kernel->handle(Object(Symfony/Component/Console/Input/ArgvInput), Object(Symfony/Component/Console/Output/ConsoleOutput))
#26 {main}
"} 
[2026-09-24 02:52:46] local.ERROR: syntax error, unexpected end of file {"exception":"[object] (ParseError(code: 0): syntax error, unexpected end of file at C:/laragon/www/18indri/routes/api.php:12)
[stacktrace]
#0 C:/laragon/www/18indri/vendor/laravel/framework/src/Illuminate/Routing/Router.php(526): Illuminate/Routing/RouteFileRegistrar->register('C://laragon//www//...')
#1 C:/laragon/www/18indri/vendor/laravel/framework/src/Illuminate/Routing/Router.php(480): Illuminate/Routing/Router->loadRoutes('C://laragon//www//...')
#2 C:/laragon/www/18indri/vendor/laravel/framework/src/Illuminate/Routing/RouteRegistrar.php(224): Illuminate/Routing/Router->group(Array, 'C://laragon//www//...')
#3 C:/laragon/www/18indri/vendor/laravel/framework/src/Illuminate/Foundation/Configuration/ApplicationBuilder.php(219): Illuminate/Routing/RouteRegistrar->group('C://laragon//www//...')
#4 C:/laragon/www/18indri/vendor/laravel/framework/src/Illuminate/Container/BoundMethod.php(36): Illuminate/Foundation/Configuration/ApplicationBuilder->{closure:Illuminate/Foundation/Configuration/ApplicationBuilder::buildRoutingCallback():210}()
#5 C:/laragon/www/18indri/vendor/laravel/framework/src/Illuminate/Container/Util.php(43): Illuminate/Container/BoundMethod::{closure:Illuminate/Container/BoundMethod::call():35}()
#6 C:/laragon/www/18indri/vendor/laravel/framework/src/Illuminate/Container/BoundMethod.php(84): Illuminate/Container/Util::unwrapIfClosure(Object(Closure))
#7 C:/laragon/www/18indri/vendor/laravel/framework/src/Illuminate/Container/BoundMethod.php(35): Illuminate/Container/BoundMethod::callBoundMethod(Object(Illuminate/Foundation/Application), Object(Closure), Object(Closure))
#8 C:/laragon/www/18indri/vendor/laravel/framework/src/Illuminate/Container/Container.php(803): Illuminate/Container/BoundMethod::call(Object(Illuminate/Foundation/Application), Object(Closure), Array, NULL)
#9 C:/laragon/www/18indri/vendor/laravel/framework/src/Illuminate/Foundation/Support/Providers/RouteServiceProvider.php(162): Illuminate/Container/Container->call(Object(Closure))
#10 C:/laragon/www/18indri/vendor/laravel/framework/src/Illuminate/Foundation/Support/Providers/RouteServiceProvider.php(59): Illuminate/Foundation/Support/Providers/RouteServiceProvider->loadRoutes()
#11 C:/laragon/www/18indri/vendor/laravel/framework/src/Illuminate/Container/BoundMethod.php(36): Illuminate/Foundation/Support/Providers/RouteServiceProvider->{closure:Illuminate/Foundation/Support/Providers/RouteServiceProvider::register():53}()
#12 C:/laragon/www/18indri/vendor/laravel/framework/src/Illuminate/Container/Util.php(43): Illuminate/Container/BoundMethod::{closure:Illuminate/Container/BoundMethod::call():35}()
#13 C:/laragon/www/18indri/vendor/laravel/framework/src/Illuminate/Container/BoundMethod.php(84): Illuminate/Container/Util::unwrapIfClosure(Object(Closure))
#14 C:/laragon/www/18indri/vendor/laravel/framework/src/Illuminate/Container/BoundMethod.php(35): Illuminate/Container/BoundMethod::callBoundMethod(Object(Illuminate/Foundation/Application), Object(Closure), Object(Closure))
#15 C:/laragon/www/18indri/vendor/laravel/framework/src/Illuminate/Container/Container.php(803): Illuminate/Container/BoundMethod::call(Object(Illuminate/Foundation/Application), Object(Closure), Array, NULL)
#16 C:/laragon/www/18indri/vendor/laravel/framework/src/Illuminate/Support/ServiceProvider.php(150): Illuminate/Container/Container->call(Object(Closure))
#17 C:/laragon/www/18indri/vendor/laravel/framework/src/Illuminate/Foundation/Application.php(1161): Illuminate/Support/ServiceProvider->callBootedCallbacks()
#18 C:/laragon/www/18indri/vendor/laravel/framework/src/Illuminate/Foundation/Application.php(1139): Illuminate/Foundation/Application->bootProvider(Object(Illuminate/Foundation/Support/Providers/RouteServiceProvider))
#19 [internal function]: Illuminate/Foundation/Application->{closure:Illuminate/Foundation/Application::boot():1138}(Object(Illuminate/Foundation/Support/Providers/RouteServiceProvider), 'Illuminate//Foun...')
#20 C:/laragon/www/18indri/vendor/laravel/framework/src/Illuminate/Foundation/Application.php(1138): array_walk(Array, Object(Closure))
#21 C:/laragon/www/18indri/vendor/laravel/framework/src/Illuminate/Foundation/Bootstrap/BootProviders.php(17): Illuminate/Foundation/Application->boot()
#22 C:/laragon/www/18indri/vendor/laravel/framework/src/Illuminate/Foundation/Application.php(349): Illuminate/Foundation/Bootstrap/BootProviders->bootstrap(Object(Illuminate/Foundation/Application))
#23 C:/laragon/www/18indri/vendor/laravel/framework/src/Illuminate/Foundation/Console/Kernel.php(507): Illuminate/Foundation/Application->bootstrapWith(Array)
#24 C:/laragon/www/18indri/vendor/laravel/framework/src/Illuminate/Foundation/Console/Kernel.php(196): Illuminate/Foundation/Console/Kernel->bootstrap()
#25 Command line code(1): Illuminate/Foundation/Console/Kernel->handle(Object(Symfony/Component/Console/Input/ArgvInput), Object(Symfony/Component/Console/Output/ConsoleOutput))
#26 {main}
"} 
[2026-09-24 02:52:46] local.ERROR: syntax error, unexpected end of file {"exception":"[object] (ParseError(code: 0): syntax error, unexpected end of file at C:/laragon/www/18indri/routes/api.php:12)
[stacktrace]
#0 C:/laragon/www/18indri/vendor/laravel/framework/src/Illuminate/Routing/Router.php(526): Illuminate/Routing/RouteFileRegistrar->register('C://laragon//www//...')
#1 C:/laragon/www/18indri/vendor/laravel/framework/src/Illuminate/Routing/Router.php(480): Illuminate/Routing/Router->loadRoutes('C://laragon//www//...')
#2 C:/laragon/www/18indri/vendor/laravel/framework/src/Illuminate/Routing/RouteRegistrar.php(224): Illuminate/Routing/Router->group(Array, 'C://laragon//www//...')
#3 C:/laragon/www/18indri/vendor/laravel/framework/src/Illuminate/Foundation/Configuration/ApplicationBuilder.php(219): Illuminate/Routing/RouteRegistrar->group('C://laragon//www//...')
#4 C:/laragon/www/18indri/vendor/laravel/framework/src/Illuminate/Container/BoundMethod.php(36): Illuminate/Foundation/Configuration/ApplicationBuilder->{closure:Illuminate/Foundation/Configuration/ApplicationBuilder::buildRoutingCallback():210}()
#5 C:/laragon/www/18indri/vendor/laravel/framework/src/Illuminate/Container/Util.php(43): Illuminate/Container/BoundMethod::{closure:Illuminate/Container/BoundMethod::call():35}()
#6 C:/laragon/www/18indri/vendor/laravel/framework/src/Illuminate/Container/BoundMethod.php(84): Illuminate/Container/Util::unwrapIfClosure(Object(Closure))
#7 C:/laragon/www/18indri/vendor/laravel/framework/src/Illuminate/Container/BoundMethod.php(35): Illuminate/Container/BoundMethod::callBoundMethod(Object(Illuminate/Foundation/Application), Object(Closure), Object(Closure))
#8 C:/laragon/www/18indri/vendor/laravel/framework/src/Illuminate/Container/Container.php(803): Illuminate/Container/BoundMethod::call(Object(Illuminate/Foundation/Application), Object(Closure), Array, NULL)
#9 C:/laragon/www/18indri/vendor/laravel/framework/src/Illuminate/Foundation/Support/Providers/RouteServiceProvider.php(162): Illuminate/Container/Container->call(Object(Closure))
#10 C:/laragon/www/18indri/vendor/laravel/framework/src/Illuminate/Foundation/Support/Providers/RouteServiceProvider.php(59): Illuminate/Foundation/Support/Providers/RouteServiceProvider->loadRoutes()
#11 C:/laragon/www/18indri/vendor/laravel/framework/src/Illuminate/Container/BoundMethod.php(36): Illuminate/Foundation/Support/Providers/RouteServiceProvider->{closure:Illuminate/Foundation/Support/Providers/RouteServiceProvider::register():53}()
#12 C:/laragon/www/18indri/vendor/laravel/framework/src/Illuminate/Container/Util.php(43): Illuminate/Container/BoundMethod::{closure:Illuminate/Container/BoundMethod::call():35}()
#13 C:/laragon/www/18indri/vendor/laravel/framework/src/Illuminate/Container/BoundMethod.php(84): Illuminate/Container/Util::unwrapIfClosure(Object(Closure))
#14 C:/laragon/www/18indri/vendor/laravel/framework/src/Illuminate/Container/BoundMethod.php(35): Illuminate/Container/BoundMethod::callBoundMethod(Object(Illuminate/Foundation/Application), Object(Closure), Object(Closure))
#15 C:/laragon/www/18indri/vendor/laravel/framework/src/Illuminate/Container/Container.php(803): Illuminate/Container/BoundMethod::call(Object(Illuminate/Foundation/Application), Object(Closure), Array, NULL)
#16 C:/laragon/www/18indri/vendor/laravel/framework/src/Illuminate/Support/ServiceProvider.php(150): Illuminate/Container/Container->call(Object(Closure))
#17 C:/laragon/www/18indri/vendor/laravel/framework/src/Illuminate/Foundation/Application.php(1161): Illuminate/Support/ServiceProvider->callBootedCallbacks()
#18 C:/laragon/www/18indri/vendor/laravel/framework/src/Illuminate/Foundation/Application.php(1139): Illuminate/Foundation/Application->bootProvider(Object(Illuminate/Foundation/Support/Providers/RouteServiceProvider))
#19 [internal function]: Illuminate/Foundation/Application->{closure:Illuminate/Foundation/Application::boot():1138}(Object(Illuminate/Foundation/Support/Providers/RouteServiceProvider), 'Illuminate//Foun...')
#20 C:/laragon/www/18indri/vendor/laravel/framework/src/Illuminate/Foundation/Application.php(1138): array_walk(Array, Object(Closure))
#21 C:/laragon/www/18indri/vendor/laravel/framework/src/Illuminate/Foundation/Bootstrap/BootProviders.php(17): Illuminate/Foundation/Application->boot()
#22 C:/laragon/www/18indri/vendor/laravel/framework/src/Illuminate/Foundation/Application.php(349): Illuminate/Foundation/Bootstrap/BootProviders->bootstrap(Object(Illuminate/Foundation/Application))
#23 C:/laragon/www/18indri/vendor/laravel/framework/src/Illuminate/Foundation/Console/Kernel.php(507): Illuminate/Foundation/Application->bootstrapWith(Array)
#24 C:/laragon/www/18indri/vendor/laravel/framework/src/Illuminate/Foundation/Console/Kernel.php(196): Illuminate/Foundation/Console/Kernel->bootstrap()
#25 Command line code(1): Illuminate/Foundation/Console/Kernel->handle(Object(Symfony/Component/Console/Input/ArgvInput), Object(Symfony/Component/Console/Output/ConsoleOutput))
#26 {main}
"} 
[2026-09-24 02:52:46] local.ERROR: syntax error, unexpected end of file {"exception":"[object] (ParseError(code: 0): syntax error, unexpected end of file at C:/laragon/www/18indri/routes/api.php:12)
[stacktrace]
#0 C:/laragon/www/18indri/vendor/laravel/framework/src/Illuminate/Routing/Router.php(526): Illuminate/Routing/RouteFileRegistrar->register('C://laragon//www//...')
#1 C:/laragon/www/18indri/vendor/laravel/framework/src/Illuminate/Routing/Router.php(480): Illuminate/Routing/Router->loadRoutes('C://laragon//www//...')
#2 C:/laragon/www/18indri/vendor/laravel/framework/src/Illuminate/Routing/RouteRegistrar.php(224): Illuminate/Routing/Router->group(Array, 'C://laragon//www//...')
#3 C:/laragon/www/18indri/vendor/laravel/framework/src/Illuminate/Foundation/Configuration/ApplicationBuilder.php(219): Illuminate/Routing/RouteRegistrar->group('C://laragon//www//...')
#4 C:/laragon/www/18indri/vendor/laravel/framework/src/Illuminate/Container/BoundMethod.php(36): Illuminate/Foundation/Configuration/ApplicationBuilder->{closure:Illuminate/Foundation/Configuration/ApplicationBuilder::buildRoutingCallback():210}()
#5 C:/laragon/www/18indri/vendor/laravel/framework/src/Illuminate/Container/Util.php(43): Illuminate/Container/BoundMethod::{closure:Illuminate/Container/BoundMethod::call():35}()
#6 C:/laragon/www/18indri/vendor/laravel/framework/src/Illuminate/Container/BoundMethod.php(84): Illuminate/Container/Util::unwrapIfClosure(Object(Closure))
#7 C:/laragon/www/18indri/vendor/laravel/framework/src/Illuminate/Container/BoundMethod.php(35): Illuminate/Container/BoundMethod::callBoundMethod(Object(Illuminate/Foundation/Application), Object(Closure), Object(Closure))
#8 C:/laragon/www/18indri/vendor/laravel/framework/src/Illuminate/Container/Container.php(803): Illuminate/Container/BoundMethod::call(Object(Illuminate/Foundation/Application), Object(Closure), Array, NULL)
#9 C:/laragon/www/18indri/vendor/laravel/framework/src/Illuminate/Foundation/Support/Providers/RouteServiceProvider.php(162): Illuminate/Container/Container->call(Object(Closure))
#10 C:/laragon/www/18indri/vendor/laravel/framework/src/Illuminate/Foundation/Support/Providers/RouteServiceProvider.php(59): Illuminate/Foundation/Support/Providers/RouteServiceProvider->loadRoutes()
#11 C:/laragon/www/18indri/vendor/laravel/framework/src/Illuminate/Container/BoundMethod.php(36): Illuminate/Foundation/Support/Providers/RouteServiceProvider->{closure:Illuminate/Foundation/Support/Providers/RouteServiceProvider::register():53}()
#12 C:/laragon/www/18indri/vendor/laravel/framework/src/Illuminate/Container/Util.php(43): Illuminate/Container/BoundMethod::{closure:Illuminate/Container/BoundMethod::call():35}()
#13 C:/laragon/www/18indri/vendor/laravel/framework/src/Illuminate/Container/BoundMethod.php(84): Illuminate/Container/Util::unwrapIfClosure(Object(Closure))
#14 C:/laragon/www/18indri/vendor/laravel/framework/src/Illuminate/Container/BoundMethod.php(35): Illuminate/Container/BoundMethod::callBoundMethod(Object(Illuminate/Foundation/Application), Object(Closure), Object(Closure))
#15 C:/laragon/www/18indri/vendor/laravel/framework/src/Illuminate/Container/Container.php(803): Illuminate/Container/BoundMethod::call(Object(Illuminate/Foundation/Application), Object(Closure), Array, NULL)
#16 C:/laragon/www/18indri/vendor/laravel/framework/src/Illuminate/Support/ServiceProvider.php(150): Illuminate/Container/Container->call(Object(Closure))
#17 C:/laragon/www/18indri/vendor/laravel/framework/src/Illuminate/Foundation/Application.php(1161): Illuminate/Support/ServiceProvider->callBootedCallbacks()
#18 C:/laragon/www/18indri/vendor/laravel/framework/src/Illuminate/Foundation/Application.php(1139): Illuminate/Foundation/Application->bootProvider(Object(Illuminate/Foundation/Support/Providers/RouteServiceProvider))
#19 [internal function]: Illuminate/Foundation/Application->{closure:Illuminate/Foundation/Application::boot():1138}(Object(Illuminate/Foundation/Support/Providers/RouteServiceProvider), 'Illuminate//Foun...')
#20 C:/laragon/www/18indri/vendor/laravel/framework/src/Illuminate/Foundation/Application.php(1138): array_walk(Array, Object(Closure))
#21 C:/laragon/www/18indri/vendor/laravel/framework/src/Illuminate/Foundation/Bootstrap/BootProviders.php(17): Illuminate/Foundation/Application->boot()
#22 C:/laragon/www/18indri/vendor/laravel/framework/src/Illuminate/Foundation/Application.php(349): Illuminate/Foundation/Bootstrap/BootProviders->bootstrap(Object(Illuminate/Foundation/Application))
#23 C:/laragon/www/18indri/vendor/laravel/framework/src/Illuminate/Foundation/Console/Kernel.php(507): Illuminate/Foundation/Application->bootstrapWith(Array)
#24 C:/laragon/www/18indri/vendor/laravel/framework/src/Illuminate/Foundation/Console/Kernel.php(196): Illuminate/Foundation/Console/Kernel->bootstrap()
#25 Command line code(1): Illuminate/Foundation/Console/Kernel->handle(Object(Symfony/Component/Console/Input/ArgvInput), Object(Symfony/Component/Console/Output/ConsoleOutput))
#26 {main}
"} 
[2026-09-24 02:53:02] local.ERROR: Illuminate\Routing\Router::apiResources(): Argument #1 ($resources) must be of type array, string given, called in C:\laragon\www\18indri\vendor\laravel\framework\src\Illuminate\Support\Facades\Facade.php on line 364 {"exception":"[object] (TypeError(code: 0): Illuminate\\Routing\\Router::apiResources(): Argument #1 ($resources) must be of type array, string given, called in C:\\laragon\\www\\18indri\\vendor\\laravel\\framework\\src\\Illuminate\\Support\\Facades\\Facade.php on line 364 at C:/laragon/www/18indri/vendor/laravel/framework/src/Illuminate/Routing/Router.php:367)
[stacktrace]
#0 C:/laragon/www/18indri/vendor/laravel/framework/src/Illuminate/Support/Facades/Facade.php(364): Illuminate/Routing/Router->apiResources('users', 'App//Http//Contro...')
#1 C:/laragon/www/18indri/routes/api.php(11): Illuminate/Support/Facades/Facade::__callStatic('apiResources', Array)
#2 C:/laragon/www/18indri/vendor/laravel/framework/src/Illuminate/Routing/RouteFileRegistrar.php(34): require('C://laragon//www//...')
#3 C:/laragon/www/18indri/vendor/laravel/framework/src/Illuminate/Routing/Router.php(526): Illuminate/Routing/RouteFileRegistrar->register('C://laragon//www//...')
#4 C:/laragon/www/18indri/vendor/laravel/framework/src/Illuminate/Routing/Router.php(480): Illuminate/Routing/Router->loadRoutes('C://laragon//www//...')
#5 C:/laragon/www/18indri/vendor/laravel/framework/src/Illuminate/Routing/RouteRegistrar.php(224): Illuminate/Routing/Router->group(Array, 'C://laragon//www//...')
#6 C:/laragon/www/18indri/vendor/laravel/framework/src/Illuminate/Foundation/Configuration/ApplicationBuilder.php(219): Illuminate/Routing/RouteRegistrar->group('C://laragon//www//...')
#7 C:/laragon/www/18indri/vendor/laravel/framework/src/Illuminate/Container/BoundMethod.php(36): Illuminate/Foundation/Configuration/ApplicationBuilder->{closure:Illuminate/Foundation/Configuration/ApplicationBuilder::buildRoutingCallback():210}()
#8 C:/laragon/www/18indri/vendor/laravel/framework/src/Illuminate/Container/Util.php(43): Illuminate/Container/BoundMethod::{closure:Illuminate/Container/BoundMethod::call():35}()
#9 C:/laragon/www/18indri/vendor/laravel/framework/src/Illuminate/Container/BoundMethod.php(84): Illuminate/Container/Util::unwrapIfClosure(Object(Closure))
#10 C:/laragon/www/18indri/vendor/laravel/framework/src/Illuminate/Container/BoundMethod.php(35): Illuminate/Container/BoundMethod::callBoundMethod(Object(Illuminate/Foundation/Application), Object(Closure), Object(Closure))
#11 C:/laragon/www/18indri/vendor/laravel/framework/src/Illuminate/Container/Container.php(803): Illuminate/Container/BoundMethod::call(Object(Illuminate/Foundation/Application), Object(Closure), Array, NULL)
#12 C:/laragon/www/18indri/vendor/laravel/framework/src/Illuminate/Foundation/Support/Providers/RouteServiceProvider.php(162): Illuminate/Container/Container->call(Object(Closure))
#13 C:/laragon/www/18indri/vendor/laravel/framework/src/Illuminate/Foundation/Support/Providers/RouteServiceProvider.php(59): Illuminate/Foundation/Support/Providers/RouteServiceProvider->loadRoutes()
#14 C:/laragon/www/18indri/vendor/laravel/framework/src/Illuminate/Container/BoundMethod.php(36): Illuminate/Foundation/Support/Providers/RouteServiceProvider->{closure:Illuminate/Foundation/Support/Providers/RouteServiceProvider::register():53}()
#15 C:/laragon/www/18indri/vendor/laravel/framework/src/Illuminate/Container/Util.php(43): Illuminate/Container/BoundMethod::{closure:Illuminate/Container/BoundMethod::call():35}()
#16 C:/laragon/www/18indri/vendor/laravel/framework/src/Illuminate/Container/BoundMethod.php(84): Illuminate/Container/Util::unwrapIfClosure(Object(Closure))
#17 C:/laragon/www/18indri/vendor/laravel/framework/src/Illuminate/Container/BoundMethod.php(35): Illuminate/Container/BoundMethod::callBoundMethod(Object(Illuminate/Foundation/Application), Object(Closure), Object(Closure))
#18 C:/laragon/www/18indri/vendor/laravel/framework/src/Illuminate/Container/Container.php(803): Illuminate/Container/BoundMethod::call(Object(Illuminate/Foundation/Application), Object(Closure), Array, NULL)
#19 C:/laragon/www/18indri/vendor/laravel/framework/src/Illuminate/Support/ServiceProvider.php(150): Illuminate/Container/Container->call(Object(Closure))
#20 C:/laragon/www/18indri/vendor/laravel/framework/src/Illuminate/Foundation/Application.php(1161): Illuminate/Support/ServiceProvider->callBootedCallbacks()
#21 C:/laragon/www/18indri/vendor/laravel/framework/src/Illuminate/Foundation/Application.php(1139): Illuminate/Foundation/Application->bootProvider(Object(Illuminate/Foundation/Support/Providers/RouteServiceProvider))
#22 [internal function]: Illuminate/Foundation/Application->{closure:Illuminate/Foundation/Application::boot():1138}(Object(Illuminate/Foundation/Support/Providers/RouteServiceProvider), 'Illuminate//Foun...')
#23 C:/laragon/www/18indri/vendor/laravel/framework/src/Illuminate/Foundation/Application.php(1138): array_walk(Array, Object(Closure))
#24 C:/laragon/www/18indri/vendor/laravel/framework/src/Illuminate/Foundation/Bootstrap/BootProviders.php(17): Illuminate/Foundation/Application->boot()
#25 C:/laragon/www/18indri/vendor/laravel/framework/src/Illuminate/Foundation/Application.php(349): Illuminate/Foundation/Bootstrap/BootProviders->bootstrap(Object(Illuminate/Foundation/Application))
#26 C:/laragon/www/18indri/vendor/laravel/framework/src/Illuminate/Foundation/Console/Kernel.php(507): Illuminate/Foundation/Application->bootstrapWith(Array)
#27 C:/laragon/www/18indri/vendor/laravel/framework/src/Illuminate/Foundation/Console/Kernel.php(196): Illuminate/Foundation/Console/Kernel->bootstrap()
#28 Command line code(1): Illuminate/Foundation/Console/Kernel->handle(Object(Symfony/Component/Console/Input/ArgvInput), Object(Symfony/Component/Console/Output/ConsoleOutput))
#29 {main}
"} 
[2026-09-24 02:53:47] local.ERROR: Illuminate\Routing\Router::apiResources(): Argument #1 ($resources) must be of type array, string given, called in C:\laragon\www\18indri\vendor\laravel\framework\src\Illuminate\Support\Facades\Facade.php on line 364 {"exception":"[object] (TypeError(code: 0): Illuminate\\Routing\\Router::apiResources(): Argument #1 ($resources) must be of type array, string given, called in C:\\laragon\\www\\18indri\\vendor\\laravel\\framework\\src\\Illuminate\\Support\\Facades\\Facade.php on line 364 at C:/laragon/www/18indri/vendor/laravel/framework/src/Illuminate/Routing/Router.php:367)
[stacktrace]
#0 C:/laragon/www/18indri/vendor/laravel/framework/src/Illuminate/Support/Facades/Facade.php(364): Illuminate/Routing/Router->apiResources('users', 'App//Http//Contro...')
#1 C:/laragon/www/18indri/routes/api.php(11): Illuminate/Support/Facades/Facade::__callStatic('apiResources', Array)
#2 C:/laragon/www/18indri/vendor/laravel/framework/src/Illuminate/Routing/RouteFileRegistrar.php(34): require('C://laragon//www//...')
#3 C:/laragon/www/18indri/vendor/laravel/framework/src/Illuminate/Routing/Router.php(526): Illuminate/Routing/RouteFileRegistrar->register('C://laragon//www//...')
#4 C:/laragon/www/18indri/vendor/laravel/framework/src/Illuminate/Routing/Router.php(480): Illuminate/Routing/Router->loadRoutes('C://laragon//www//...')
#5 C:/laragon/www/18indri/vendor/laravel/framework/src/Illuminate/Routing/RouteRegistrar.php(224): Illuminate/Routing/Router->group(Array, 'C://laragon//www//...')
#6 C:/laragon/www/18indri/vendor/laravel/framework/src/Illuminate/Foundation/Configuration/ApplicationBuilder.php(219): Illuminate/Routing/RouteRegistrar->group('C://laragon//www//...')
#7 C:/laragon/www/18indri/vendor/laravel/framework/src/Illuminate/Container/BoundMethod.php(36): Illuminate/Foundation/Configuration/ApplicationBuilder->{closure:Illuminate/Foundation/Configuration/ApplicationBuilder::buildRoutingCallback():210}()
#8 C:/laragon/www/18indri/vendor/laravel/framework/src/Illuminate/Container/Util.php(43): Illuminate/Container/BoundMethod::{closure:Illuminate/Container/BoundMethod::call():35}()
#9 C:/laragon/www/18indri/vendor/laravel/framework/src/Illuminate/Container/BoundMethod.php(84): Illuminate/Container/Util::unwrapIfClosure(Object(Closure))
#10 C:/laragon/www/18indri/vendor/laravel/framework/src/Illuminate/Container/BoundMethod.php(35): Illuminate/Container/BoundMethod::callBoundMethod(Object(Illuminate/Foundation/Application), Object(Closure), Object(Closure))
#11 C:/laragon/www/18indri/vendor/laravel/framework/src/Illuminate/Container/Container.php(803): Illuminate/Container/BoundMethod::call(Object(Illuminate/Foundation/Application), Object(Closure), Array, NULL)
#12 C:/laragon/www/18indri/vendor/laravel/framework/src/Illuminate/Foundation/Support/Providers/RouteServiceProvider.php(162): Illuminate/Container/Container->call(Object(Closure))
#13 C:/laragon/www/18indri/vendor/laravel/framework/src/Illuminate/Foundation/Support/Providers/RouteServiceProvider.php(59): Illuminate/Foundation/Support/Providers/RouteServiceProvider->loadRoutes()
#14 C:/laragon/www/18indri/vendor/laravel/framework/src/Illuminate/Container/BoundMethod.php(36): Illuminate/Foundation/Support/Providers/RouteServiceProvider->{closure:Illuminate/Foundation/Support/Providers/RouteServiceProvider::register():53}()
#15 C:/laragon/www/18indri/vendor/laravel/framework/src/Illuminate/Container/Util.php(43): Illuminate/Container/BoundMethod::{closure:Illuminate/Container/BoundMethod::call():35}()
#16 C:/laragon/www/18indri/vendor/laravel/framework/src/Illuminate/Container/BoundMethod.php(84): Illuminate/Container/Util::unwrapIfClosure(Object(Closure))
#17 C:/laragon/www/18indri/vendor/laravel/framework/src/Illuminate/Container/BoundMethod.php(35): Illuminate/Container/BoundMethod::callBoundMethod(Object(Illuminate/Foundation/Application), Object(Closure), Object(Closure))
#18 C:/laragon/www/18indri/vendor/laravel/framework/src/Illuminate/Container/Container.php(803): Illuminate/Container/BoundMethod::call(Object(Illuminate/Foundation/Application), Object(Closure), Array, NULL)
#19 C:/laragon/www/18indri/vendor/laravel/framework/src/Illuminate/Support/ServiceProvider.php(150): Illuminate/Container/Container->call(Object(Closure))
#20 C:/laragon/www/18indri/vendor/laravel/framework/src/Illuminate/Foundation/Application.php(1161): Illuminate/Support/ServiceProvider->callBootedCallbacks()
#21 C:/laragon/www/18indri/vendor/laravel/framework/src/Illuminate/Foundation/Application.php(1139): Illuminate/Foundation/Application->bootProvider(Object(Illuminate/Foundation/Support/Providers/RouteServiceProvider))
#22 [internal function]: Illuminate/Foundation/Application->{closure:Illuminate/Foundation/Application::boot():1138}(Object(Illuminate/Foundation/Support/Providers/RouteServiceProvider), 'Illuminate//Foun...')
#23 C:/laragon/www/18indri/vendor/laravel/framework/src/Illuminate/Foundation/Application.php(1138): array_walk(Array, Object(Closure))
#24 C:/laragon/www/18indri/vendor/laravel/framework/src/Illuminate/Foundation/Bootstrap/BootProviders.php(17): Illuminate/Foundation/Application->boot()
#25 C:/laragon/www/18indri/vendor/laravel/framework/src/Illuminate/Foundation/Application.php(349): Illuminate/Foundation/Bootstrap/BootProviders->bootstrap(Object(Illuminate/Foundation/Application))
#26 C:/laragon/www/18indri/vendor/laravel/framework/src/Illuminate/Foundation/Console/Kernel.php(507): Illuminate/Foundation/Application->bootstrapWith(Array)
#27 C:/laragon/www/18indri/vendor/laravel/framework/src/Illuminate/Foundation/Console/Kernel.php(196): Illuminate/Foundation/Console/Kernel->bootstrap()
#28 Command line code(1): Illuminate/Foundation/Console/Kernel->handle(Object(Symfony/Component/Console/Input/ArgvInput), Object(Symfony/Component/Console/Output/ConsoleOutput))
#29 {main}
"} 
[2026-09-24 02:53:47] local.ERROR: Illuminate\Routing\Router::apiResources(): Argument #1 ($resources) must be of type array, string given, called in C:\laragon\www\18indri\vendor\laravel\framework\src\Illuminate\Support\Facades\Facade.php on line 364 {"exception":"[object] (TypeError(code: 0): Illuminate\\Routing\\Router::apiResources(): Argument #1 ($resources) must be of type array, string given, called in C:\\laragon\\www\\18indri\\vendor\\laravel\\framework\\src\\Illuminate\\Support\\Facades\\Facade.php on line 364 at C:/laragon/www/18indri/vendor/laravel/framework/src/Illuminate/Routing/Router.php:367)
[stacktrace]
#0 C:/laragon/www/18indri/vendor/laravel/framework/src/Illuminate/Support/Facades/Facade.php(364): Illuminate/Routing/Router->apiResources('users', 'App//Http//Contro...')
#1 C:/laragon/www/18indri/routes/api.php(11): Illuminate/Support/Facades/Facade::__callStatic('apiResources', Array)
#2 C:/laragon/www/18indri/vendor/laravel/framework/src/Illuminate/Routing/RouteFileRegistrar.php(34): require('C://laragon//www//...')
#3 C:/laragon/www/18indri/vendor/laravel/framework/src/Illuminate/Routing/Router.php(526): Illuminate/Routing/RouteFileRegistrar->register('C://laragon//www//...')
#4 C:/laragon/www/18indri/vendor/laravel/framework/src/Illuminate/Routing/Router.php(480): Illuminate/Routing/Router->loadRoutes('C://laragon//www//...')
#5 C:/laragon/www/18indri/vendor/laravel/framework/src/Illuminate/Routing/RouteRegistrar.php(224): Illuminate/Routing/Router->group(Array, 'C://laragon//www//...')
#6 C:/laragon/www/18indri/vendor/laravel/framework/src/Illuminate/Foundation/Configuration/ApplicationBuilder.php(219): Illuminate/Routing/RouteRegistrar->group('C://laragon//www//...')
#7 C:/laragon/www/18indri/vendor/laravel/framework/src/Illuminate/Container/BoundMethod.php(36): Illuminate/Foundation/Configuration/ApplicationBuilder->{closure:Illuminate/Foundation/Configuration/ApplicationBuilder::buildRoutingCallback():210}()
#8 C:/laragon/www/18indri/vendor/laravel/framework/src/Illuminate/Container/Util.php(43): Illuminate/Container/BoundMethod::{closure:Illuminate/Container/BoundMethod::call():35}()
#9 C:/laragon/www/18indri/vendor/laravel/framework/src/Illuminate/Container/BoundMethod.php(84): Illuminate/Container/Util::unwrapIfClosure(Object(Closure))
#10 C:/laragon/www/18indri/vendor/laravel/framework/src/Illuminate/Container/BoundMethod.php(35): Illuminate/Container/BoundMethod::callBoundMethod(Object(Illuminate/Foundation/Application), Object(Closure), Object(Closure))
#11 C:/laragon/www/18indri/vendor/laravel/framework/src/Illuminate/Container/Container.php(803): Illuminate/Container/BoundMethod::call(Object(Illuminate/Foundation/Application), Object(Closure), Array, NULL)
#12 C:/laragon/www/18indri/vendor/laravel/framework/src/Illuminate/Foundation/Support/Providers/RouteServiceProvider.php(162): Illuminate/Container/Container->call(Object(Closure))
#13 C:/laragon/www/18indri/vendor/laravel/framework/src/Illuminate/Foundation/Support/Providers/RouteServiceProvider.php(59): Illuminate/Foundation/Support/Providers/RouteServiceProvider->loadRoutes()
#14 C:/laragon/www/18indri/vendor/laravel/framework/src/Illuminate/Container/BoundMethod.php(36): Illuminate/Foundation/Support/Providers/RouteServiceProvider->{closure:Illuminate/Foundation/Support/Providers/RouteServiceProvider::register():53}()
#15 C:/laragon/www/18indri/vendor/laravel/framework/src/Illuminate/Container/Util.php(43): Illuminate/Container/BoundMethod::{closure:Illuminate/Container/BoundMethod::call():35}()
#16 C:/laragon/www/18indri/vendor/laravel/framework/src/Illuminate/Container/BoundMethod.php(84): Illuminate/Container/Util::unwrapIfClosure(Object(Closure))
#17 C:/laragon/www/18indri/vendor/laravel/framework/src/Illuminate/Container/BoundMethod.php(35): Illuminate/Container/BoundMethod::callBoundMethod(Object(Illuminate/Foundation/Application), Object(Closure), Object(Closure))
#18 C:/laragon/www/18indri/vendor/laravel/framework/src/Illuminate/Container/Container.php(803): Illuminate/Container/BoundMethod::call(Object(Illuminate/Foundation/Application), Object(Closure), Array, NULL)
#19 C:/laragon/www/18indri/vendor/laravel/framework/src/Illuminate/Support/ServiceProvider.php(150): Illuminate/Container/Container->call(Object(Closure))
#20 C:/laragon/www/18indri/vendor/laravel/framework/src/Illuminate/Foundation/Application.php(1161): Illuminate/Support/ServiceProvider->callBootedCallbacks()
#21 C:/laragon/www/18indri/vendor/laravel/framework/src/Illuminate/Foundation/Application.php(1139): Illuminate/Foundation/Application->bootProvider(Object(Illuminate/Foundation/Support/Providers/RouteServiceProvider))
#22 [internal function]: Illuminate/Foundation/Application->{closure:Illuminate/Foundation/Application::boot():1138}(Object(Illuminate/Foundation/Support/Providers/RouteServiceProvider), 'Illuminate//Foun...')
#23 C:/laragon/www/18indri/vendor/laravel/framework/src/Illuminate/Foundation/Application.php(1138): array_walk(Array, Object(Closure))
#24 C:/laragon/www/18indri/vendor/laravel/framework/src/Illuminate/Foundation/Bootstrap/BootProviders.php(17): Illuminate/Foundation/Application->boot()
#25 C:/laragon/www/18indri/vendor/laravel/framework/src/Illuminate/Foundation/Application.php(349): Illuminate/Foundation/Bootstrap/BootProviders->bootstrap(Object(Illuminate/Foundation/Application))
#26 C:/laragon/www/18indri/vendor/laravel/framework/src/Illuminate/Foundation/Console/Kernel.php(507): Illuminate/Foundation/Application->bootstrapWith(Array)
#27 C:/laragon/www/18indri/vendor/laravel/framework/src/Illuminate/Foundation/Console/Kernel.php(196): Illuminate/Foundation/Console/Kernel->bootstrap()
#28 Command line code(1): Illuminate/Foundation/Console/Kernel->handle(Object(Symfony/Component/Console/Input/ArgvInput), Object(Symfony/Component/Console/Output/ConsoleOutput))
#29 {main}
"} 
[2026-09-24 02:54:47] local.ERROR: Illuminate\Routing\Router::apiResources(): Argument #1 ($resources) must be of type array, string given, called in C:\laragon\www\18indri\vendor\laravel\framework\src\Illuminate\Support\Facades\Facade.php on line 364 {"exception":"[object] (TypeError(code: 0): Illuminate\\Routing\\Router::apiResources(): Argument #1 ($resources) must be of type array, string given, called in C:\\laragon\\www\\18indri\\vendor\\laravel\\framework\\src\\Illuminate\\Support\\Facades\\Facade.php on line 364 at C:/laragon/www/18indri/vendor/laravel/framework/src/Illuminate/Routing/Router.php:367)
[stacktrace]
#0 C:/laragon/www/18indri/vendor/laravel/framework/src/Illuminate/Support/Facades/Facade.php(364): Illuminate/Routing/Router->apiResources('users', 'App//Http//Contro...')
#1 C:/laragon/www/18indri/routes/api.php(11): Illuminate/Support/Facades/Facade::__callStatic('apiResources', Array)
#2 C:/laragon/www/18indri/vendor/laravel/framework/src/Illuminate/Routing/RouteFileRegistrar.php(34): require('C://laragon//www//...')
#3 C:/laragon/www/18indri/vendor/laravel/framework/src/Illuminate/Routing/Router.php(526): Illuminate/Routing/RouteFileRegistrar->register('C://laragon//www//...')
#4 C:/laragon/www/18indri/vendor/laravel/framework/src/Illuminate/Routing/Router.php(480): Illuminate/Routing/Router->loadRoutes('C://laragon//www//...')
#5 C:/laragon/www/18indri/vendor/laravel/framework/src/Illuminate/Routing/RouteRegistrar.php(224): Illuminate/Routing/Router->group(Array, 'C://laragon//www//...')
#6 C:/laragon/www/18indri/vendor/laravel/framework/src/Illuminate/Foundation/Configuration/ApplicationBuilder.php(219): Illuminate/Routing/RouteRegistrar->group('C://laragon//www//...')
#7 C:/laragon/www/18indri/vendor/laravel/framework/src/Illuminate/Container/BoundMethod.php(36): Illuminate/Foundation/Configuration/ApplicationBuilder->{closure:Illuminate/Foundation/Configuration/ApplicationBuilder::buildRoutingCallback():210}()
#8 C:/laragon/www/18indri/vendor/laravel/framework/src/Illuminate/Container/Util.php(43): Illuminate/Container/BoundMethod::{closure:Illuminate/Container/BoundMethod::call():35}()
#9 C:/laragon/www/18indri/vendor/laravel/framework/src/Illuminate/Container/BoundMethod.php(84): Illuminate/Container/Util::unwrapIfClosure(Object(Closure))
#10 C:/laragon/www/18indri/vendor/laravel/framework/src/Illuminate/Container/BoundMethod.php(35): Illuminate/Container/BoundMethod::callBoundMethod(Object(Illuminate/Foundation/Application), Object(Closure), Object(Closure))
#11 C:/laragon/www/18indri/vendor/laravel/framework/src/Illuminate/Container/Container.php(803): Illuminate/Container/BoundMethod::call(Object(Illuminate/Foundation/Application), Object(Closure), Array, NULL)
#12 C:/laragon/www/18indri/vendor/laravel/framework/src/Illuminate/Foundation/Support/Providers/RouteServiceProvider.php(162): Illuminate/Container/Container->call(Object(Closure))
#13 C:/laragon/www/18indri/vendor/laravel/framework/src/Illuminate/Foundation/Support/Providers/RouteServiceProvider.php(59): Illuminate/Foundation/Support/Providers/RouteServiceProvider->loadRoutes()
#14 C:/laragon/www/18indri/vendor/laravel/framework/src/Illuminate/Container/BoundMethod.php(36): Illuminate/Foundation/Support/Providers/RouteServiceProvider->{closure:Illuminate/Foundation/Support/Providers/RouteServiceProvider::register():53}()
#15 C:/laragon/www/18indri/vendor/laravel/framework/src/Illuminate/Container/Util.php(43): Illuminate/Container/BoundMethod::{closure:Illuminate/Container/BoundMethod::call():35}()
#16 C:/laragon/www/18indri/vendor/laravel/framework/src/Illuminate/Container/BoundMethod.php(84): Illuminate/Container/Util::unwrapIfClosure(Object(Closure))
#17 C:/laragon/www/18indri/vendor/laravel/framework/src/Illuminate/Container/BoundMethod.php(35): Illuminate/Container/BoundMethod::callBoundMethod(Object(Illuminate/Foundation/Application), Object(Closure), Object(Closure))
#18 C:/laragon/www/18indri/vendor/laravel/framework/src/Illuminate/Container/Container.php(803): Illuminate/Container/BoundMethod::call(Object(Illuminate/Foundation/Application), Object(Closure), Array, NULL)
#19 C:/laragon/www/18indri/vendor/laravel/framework/src/Illuminate/Support/ServiceProvider.php(150): Illuminate/Container/Container->call(Object(Closure))
#20 C:/laragon/www/18indri/vendor/laravel/framework/src/Illuminate/Foundation/Application.php(1161): Illuminate/Support/ServiceProvider->callBootedCallbacks()
#21 C:/laragon/www/18indri/vendor/laravel/framework/src/Illuminate/Foundation/Application.php(1139): Illuminate/Foundation/Application->bootProvider(Object(Illuminate/Foundation/Support/Providers/RouteServiceProvider))
#22 [internal function]: Illuminate/Foundation/Application->{closure:Illuminate/Foundation/Application::boot():1138}(Object(Illuminate/Foundation/Support/Providers/RouteServiceProvider), 'Illuminate//Foun...')
#23 C:/laragon/www/18indri/vendor/laravel/framework/src/Illuminate/Foundation/Application.php(1138): array_walk(Array, Object(Closure))
#24 C:/laragon/www/18indri/vendor/laravel/framework/src/Illuminate/Foundation/Bootstrap/BootProviders.php(17): Illuminate/Foundation/Application->boot()
#25 C:/laragon/www/18indri/vendor/laravel/framework/src/Illuminate/Foundation/Application.php(349): Illuminate/Foundation/Bootstrap/BootProviders->bootstrap(Object(Illuminate/Foundation/Application))
#26 C:/laragon/www/18indri/vendor/laravel/framework/src/Illuminate/Foundation/Console/Kernel.php(507): Illuminate/Foundation/Application->bootstrapWith(Array)
#27 C:/laragon/www/18indri/vendor/laravel/framework/src/Illuminate/Foundation/Console/Kernel.php(196): Illuminate/Foundation/Console/Kernel->bootstrap()
#28 Command line code(1): Illuminate/Foundation/Console/Kernel->handle(Object(Symfony/Component/Console/Input/ArgvInput), Object(Symfony/Component/Console/Output/ConsoleOutput))
#29 {main}
"} 
[2026-09-24 02:54:47] local.ERROR: Illuminate\Routing\Router::apiResources(): Argument #1 ($resources) must be of type array, string given, called in C:\laragon\www\18indri\vendor\laravel\framework\src\Illuminate\Support\Facades\Facade.php on line 364 {"exception":"[object] (TypeError(code: 0): Illuminate\\Routing\\Router::apiResources(): Argument #1 ($resources) must be of type array, string given, called in C:\\laragon\\www\\18indri\\vendor\\laravel\\framework\\src\\Illuminate\\Support\\Facades\\Facade.php on line 364 at C:/laragon/www/18indri/vendor/laravel/framework/src/Illuminate/Routing/Router.php:367)
[stacktrace]
#0 C:/laragon/www/18indri/vendor/laravel/framework/src/Illuminate/Support/Facades/Facade.php(364): Illuminate/Routing/Router->apiResources('users', 'App//Http//Contro...')
#1 C:/laragon/www/18indri/routes/api.php(11): Illuminate/Support/Facades/Facade::__callStatic('apiResources', Array)
#2 C:/laragon/www/18indri/vendor/laravel/framework/src/Illuminate/Routing/RouteFileRegistrar.php(34): require('C://laragon//www//...')
#3 C:/laragon/www/18indri/vendor/laravel/framework/src/Illuminate/Routing/Router.php(526): Illuminate/Routing/RouteFileRegistrar->register('C://laragon//www//...')
#4 C:/laragon/www/18indri/vendor/laravel/framework/src/Illuminate/Routing/Router.php(480): Illuminate/Routing/Router->loadRoutes('C://laragon//www//...')
#5 C:/laragon/www/18indri/vendor/laravel/framework/src/Illuminate/Routing/RouteRegistrar.php(224): Illuminate/Routing/Router->group(Array, 'C://laragon//www//...')
#6 C:/laragon/www/18indri/vendor/laravel/framework/src/Illuminate/Foundation/Configuration/ApplicationBuilder.php(219): Illuminate/Routing/RouteRegistrar->group('C://laragon//www//...')
#7 C:/laragon/www/18indri/vendor/laravel/framework/src/Illuminate/Container/BoundMethod.php(36): Illuminate/Foundation/Configuration/ApplicationBuilder->{closure:Illuminate/Foundation/Configuration/ApplicationBuilder::buildRoutingCallback():210}()
#8 C:/laragon/www/18indri/vendor/laravel/framework/src/Illuminate/Container/Util.php(43): Illuminate/Container/BoundMethod::{closure:Illuminate/Container/BoundMethod::call():35}()
#9 C:/laragon/www/18indri/vendor/laravel/framework/src/Illuminate/Container/BoundMethod.php(84): Illuminate/Container/Util::unwrapIfClosure(Object(Closure))
#10 C:/laragon/www/18indri/vendor/laravel/framework/src/Illuminate/Container/BoundMethod.php(35): Illuminate/Container/BoundMethod::callBoundMethod(Object(Illuminate/Foundation/Application), Object(Closure), Object(Closure))
#11 C:/laragon/www/18indri/vendor/laravel/framework/src/Illuminate/Container/Container.php(803): Illuminate/Container/BoundMethod::call(Object(Illuminate/Foundation/Application), Object(Closure), Array, NULL)
#12 C:/laragon/www/18indri/vendor/laravel/framework/src/Illuminate/Foundation/Support/Providers/RouteServiceProvider.php(162): Illuminate/Container/Container->call(Object(Closure))
#13 C:/laragon/www/18indri/vendor/laravel/framework/src/Illuminate/Foundation/Support/Providers/RouteServiceProvider.php(59): Illuminate/Foundation/Support/Providers/RouteServiceProvider->loadRoutes()
#14 C:/laragon/www/18indri/vendor/laravel/framework/src/Illuminate/Container/BoundMethod.php(36): Illuminate/Foundation/Support/Providers/RouteServiceProvider->{closure:Illuminate/Foundation/Support/Providers/RouteServiceProvider::register():53}()
#15 C:/laragon/www/18indri/vendor/laravel/framework/src/Illuminate/Container/Util.php(43): Illuminate/Container/BoundMethod::{closure:Illuminate/Container/BoundMethod::call():35}()
#16 C:/laragon/www/18indri/vendor/laravel/framework/src/Illuminate/Container/BoundMethod.php(84): Illuminate/Container/Util::unwrapIfClosure(Object(Closure))
#17 C:/laragon/www/18indri/vendor/laravel/framework/src/Illuminate/Container/BoundMethod.php(35): Illuminate/Container/BoundMethod::callBoundMethod(Object(Illuminate/Foundation/Application), Object(Closure), Object(Closure))
#18 C:/laragon/www/18indri/vendor/laravel/framework/src/Illuminate/Container/Container.php(803): Illuminate/Container/BoundMethod::call(Object(Illuminate/Foundation/Application), Object(Closure), Array, NULL)
#19 C:/laragon/www/18indri/vendor/laravel/framework/src/Illuminate/Support/ServiceProvider.php(150): Illuminate/Container/Container->call(Object(Closure))
#20 C:/laragon/www/18indri/vendor/laravel/framework/src/Illuminate/Foundation/Application.php(1161): Illuminate/Support/ServiceProvider->callBootedCallbacks()
#21 C:/laragon/www/18indri/vendor/laravel/framework/src/Illuminate/Foundation/Application.php(1139): Illuminate/Foundation/Application->bootProvider(Object(Illuminate/Foundation/Support/Providers/RouteServiceProvider))
#22 [internal function]: Illuminate/Foundation/Application->{closure:Illuminate/Foundation/Application::boot():1138}(Object(Illuminate/Foundation/Support/Providers/RouteServiceProvider), 'Illuminate//Foun...')
#23 C:/laragon/www/18indri/vendor/laravel/framework/src/Illuminate/Foundation/Application.php(1138): array_walk(Array, Object(Closure))
#24 C:/laragon/www/18indri/vendor/laravel/framework/src/Illuminate/Foundation/Bootstrap/BootProviders.php(17): Illuminate/Foundation/Application->boot()
#25 C:/laragon/www/18indri/vendor/laravel/framework/src/Illuminate/Foundation/Application.php(349): Illuminate/Foundation/Bootstrap/BootProviders->bootstrap(Object(Illuminate/Foundation/Application))
#26 C:/laragon/www/18indri/vendor/laravel/framework/src/Illuminate/Foundation/Console/Kernel.php(507): Illuminate/Foundation/Application->bootstrapWith(Array)
#27 C:/laragon/www/18indri/vendor/laravel/framework/src/Illuminate/Foundation/Console/Kernel.php(196): Illuminate/Foundation/Console/Kernel->bootstrap()
#28 Command line code(1): Illuminate/Foundation/Console/Kernel->handle(Object(Symfony/Component/Console/Input/ArgvInput), Object(Symfony/Component/Console/Output/ConsoleOutput))
#29 {main}
"} 
[2026-09-24 02:55:47] local.ERROR: Illuminate\Routing\Router::apiResources(): Argument #1 ($resources) must be of type array, string given, called in C:\laragon\www\18indri\vendor\laravel\framework\src\Illuminate\Support\Facades\Facade.php on line 364 {"exception":"[object] (TypeError(code: 0): Illuminate\\Routing\\Router::apiResources(): Argument #1 ($resources) must be of type array, string given, called in C:\\laragon\\www\\18indri\\vendor\\laravel\\framework\\src\\Illuminate\\Support\\Facades\\Facade.php on line 364 at C:/laragon/www/18indri/vendor/laravel/framework/src/Illuminate/Routing/Router.php:367)
[stacktrace]
#0 C:/laragon/www/18indri/vendor/laravel/framework/src/Illuminate/Support/Facades/Facade.php(364): Illuminate/Routing/Router->apiResources('users', 'App//Http//Contro...')
#1 C:/laragon/www/18indri/routes/api.php(11): Illuminate/Support/Facades/Facade::__callStatic('apiResources', Array)
#2 C:/laragon/www/18indri/vendor/laravel/framework/src/Illuminate/Routing/RouteFileRegistrar.php(34): require('C://laragon//www//...')
#3 C:/laragon/www/18indri/vendor/laravel/framework/src/Illuminate/Routing/Router.php(526): Illuminate/Routing/RouteFileRegistrar->register('C://laragon//www//...')
#4 C:/laragon/www/18indri/vendor/laravel/framework/src/Illuminate/Routing/Router.php(480): Illuminate/Routing/Router->loadRoutes('C://laragon//www//...')
#5 C:/laragon/www/18indri/vendor/laravel/framework/src/Illuminate/Routing/RouteRegistrar.php(224): Illuminate/Routing/Router->group(Array, 'C://laragon//www//...')
#6 C:/laragon/www/18indri/vendor/laravel/framework/src/Illuminate/Foundation/Configuration/ApplicationBuilder.php(219): Illuminate/Routing/RouteRegistrar->group('C://laragon//www//...')
#7 C:/laragon/www/18indri/vendor/laravel/framework/src/Illuminate/Container/BoundMethod.php(36): Illuminate/Foundation/Configuration/ApplicationBuilder->{closure:Illuminate/Foundation/Configuration/ApplicationBuilder::buildRoutingCallback():210}()
#8 C:/laragon/www/18indri/vendor/laravel/framework/src/Illuminate/Container/Util.php(43): Illuminate/Container/BoundMethod::{closure:Illuminate/Container/BoundMethod::call():35}()
#9 C:/laragon/www/18indri/vendor/laravel/framework/src/Illuminate/Container/BoundMethod.php(84): Illuminate/Container/Util::unwrapIfClosure(Object(Closure))
#10 C:/laragon/www/18indri/vendor/laravel/framework/src/Illuminate/Container/BoundMethod.php(35): Illuminate/Container/BoundMethod::callBoundMethod(Object(Illuminate/Foundation/Application), Object(Closure), Object(Closure))
#11 C:/laragon/www/18indri/vendor/laravel/framework/src/Illuminate/Container/Container.php(803): Illuminate/Container/BoundMethod::call(Object(Illuminate/Foundation/Application), Object(Closure), Array, NULL)
#12 C:/laragon/www/18indri/vendor/laravel/framework/src/Illuminate/Foundation/Support/Providers/RouteServiceProvider.php(162): Illuminate/Container/Container->call(Object(Closure))
#13 C:/laragon/www/18indri/vendor/laravel/framework/src/Illuminate/Foundation/Support/Providers/RouteServiceProvider.php(59): Illuminate/Foundation/Support/Providers/RouteServiceProvider->loadRoutes()
#14 C:/laragon/www/18indri/vendor/laravel/framework/src/Illuminate/Container/BoundMethod.php(36): Illuminate/Foundation/Support/Providers/RouteServiceProvider->{closure:Illuminate/Foundation/Support/Providers/RouteServiceProvider::register():53}()
#15 C:/laragon/www/18indri/vendor/laravel/framework/src/Illuminate/Container/Util.php(43): Illuminate/Container/BoundMethod::{closure:Illuminate/Container/BoundMethod::call():35}()
#16 C:/laragon/www/18indri/vendor/laravel/framework/src/Illuminate/Container/BoundMethod.php(84): Illuminate/Container/Util::unwrapIfClosure(Object(Closure))
#17 C:/laragon/www/18indri/vendor/laravel/framework/src/Illuminate/Container/BoundMethod.php(35): Illuminate/Container/BoundMethod::callBoundMethod(Object(Illuminate/Foundation/Application), Object(Closure), Object(Closure))
#18 C:/laragon/www/18indri/vendor/laravel/framework/src/Illuminate/Container/Container.php(803): Illuminate/Container/BoundMethod::call(Object(Illuminate/Foundation/Application), Object(Closure), Array, NULL)
#19 C:/laragon/www/18indri/vendor/laravel/framework/src/Illuminate/Support/ServiceProvider.php(150): Illuminate/Container/Container->call(Object(Closure))
#20 C:/laragon/www/18indri/vendor/laravel/framework/src/Illuminate/Foundation/Application.php(1161): Illuminate/Support/ServiceProvider->callBootedCallbacks()
#21 C:/laragon/www/18indri/vendor/laravel/framework/src/Illuminate/Foundation/Application.php(1139): Illuminate/Foundation/Application->bootProvider(Object(Illuminate/Foundation/Support/Providers/RouteServiceProvider))
#22 [internal function]: Illuminate/Foundation/Application->{closure:Illuminate/Foundation/Application::boot():1138}(Object(Illuminate/Foundation/Support/Providers/RouteServiceProvider), 'Illuminate//Foun...')
#23 C:/laragon/www/18indri/vendor/laravel/framework/src/Illuminate/Foundation/Application.php(1138): array_walk(Array, Object(Closure))
#24 C:/laragon/www/18indri/vendor/laravel/framework/src/Illuminate/Foundation/Bootstrap/BootProviders.php(17): Illuminate/Foundation/Application->boot()
#25 C:/laragon/www/18indri/vendor/laravel/framework/src/Illuminate/Foundation/Application.php(349): Illuminate/Foundation/Bootstrap/BootProviders->bootstrap(Object(Illuminate/Foundation/Application))
#26 C:/laragon/www/18indri/vendor/laravel/framework/src/Illuminate/Foundation/Console/Kernel.php(507): Illuminate/Foundation/Application->bootstrapWith(Array)
#27 C:/laragon/www/18indri/vendor/laravel/framework/src/Illuminate/Foundation/Console/Kernel.php(196): Illuminate/Foundation/Console/Kernel->bootstrap()
#28 Command line code(1): Illuminate/Foundation/Console/Kernel->handle(Object(Symfony/Component/Console/Input/ArgvInput), Object(Symfony/Component/Console/Output/ConsoleOutput))
#29 {main}
"} 
[2026-09-24 02:56:05] local.ERROR: Illuminate\Routing\Router::apiResources(): Argument #1 ($resources) must be of type array, string given, called in C:\laragon\www\18indri\vendor\laravel\framework\src\Illuminate\Support\Facades\Facade.php on line 364 {"exception":"[object] (TypeError(code: 0): Illuminate\\Routing\\Router::apiResources(): Argument #1 ($resources) must be of type array, string given, called in C:\\laragon\\www\\18indri\\vendor\\laravel\\framework\\src\\Illuminate\\Support\\Facades\\Facade.php on line 364 at C:/laragon/www/18indri/vendor/laravel/framework/src/Illuminate/Routing/Router.php:367)
[stacktrace]
#0 C:/laragon/www/18indri/vendor/laravel/framework/src/Illuminate/Support/Facades/Facade.php(364): Illuminate/Routing/Router->apiResources('users', 'App//Http//Contro...')
#1 C:/laragon/www/18indri/routes/api.php(11): Illuminate/Support/Facades/Facade::__callStatic('apiResources', Array)
#2 C:/laragon/www/18indri/vendor/laravel/framework/src/Illuminate/Routing/RouteFileRegistrar.php(34): require('C://laragon//www//...')
#3 C:/laragon/www/18indri/vendor/laravel/framework/src/Illuminate/Routing/Router.php(526): Illuminate/Routing/RouteFileRegistrar->register('C://laragon//www//...')
#4 C:/laragon/www/18indri/vendor/laravel/framework/src/Illuminate/Routing/Router.php(480): Illuminate/Routing/Router->loadRoutes('C://laragon//www//...')
#5 C:/laragon/www/18indri/vendor/laravel/framework/src/Illuminate/Routing/RouteRegistrar.php(224): Illuminate/Routing/Router->group(Array, 'C://laragon//www//...')
#6 C:/laragon/www/18indri/vendor/laravel/framework/src/Illuminate/Foundation/Configuration/ApplicationBuilder.php(219): Illuminate/Routing/RouteRegistrar->group('C://laragon//www//...')
#7 C:/laragon/www/18indri/vendor/laravel/framework/src/Illuminate/Container/BoundMethod.php(36): Illuminate/Foundation/Configuration/ApplicationBuilder->{closure:Illuminate/Foundation/Configuration/ApplicationBuilder::buildRoutingCallback():210}()
#8 C:/laragon/www/18indri/vendor/laravel/framework/src/Illuminate/Container/Util.php(43): Illuminate/Container/BoundMethod::{closure:Illuminate/Container/BoundMethod::call():35}()
#9 C:/laragon/www/18indri/vendor/laravel/framework/src/Illuminate/Container/BoundMethod.php(84): Illuminate/Container/Util::unwrapIfClosure(Object(Closure))
#10 C:/laragon/www/18indri/vendor/laravel/framework/src/Illuminate/Container/BoundMethod.php(35): Illuminate/Container/BoundMethod::callBoundMethod(Object(Illuminate/Foundation/Application), Object(Closure), Object(Closure))
#11 C:/laragon/www/18indri/vendor/laravel/framework/src/Illuminate/Container/Container.php(803): Illuminate/Container/BoundMethod::call(Object(Illuminate/Foundation/Application), Object(Closure), Array, NULL)
#12 C:/laragon/www/18indri/vendor/laravel/framework/src/Illuminate/Foundation/Support/Providers/RouteServiceProvider.php(162): Illuminate/Container/Container->call(Object(Closure))
#13 C:/laragon/www/18indri/vendor/laravel/framework/src/Illuminate/Foundation/Support/Providers/RouteServiceProvider.php(59): Illuminate/Foundation/Support/Providers/RouteServiceProvider->loadRoutes()
#14 C:/laragon/www/18indri/vendor/laravel/framework/src/Illuminate/Container/BoundMethod.php(36): Illuminate/Foundation/Support/Providers/RouteServiceProvider->{closure:Illuminate/Foundation/Support/Providers/RouteServiceProvider::register():53}()
#15 C:/laragon/www/18indri/vendor/laravel/framework/src/Illuminate/Container/Util.php(43): Illuminate/Container/BoundMethod::{closure:Illuminate/Container/BoundMethod::call():35}()
#16 C:/laragon/www/18indri/vendor/laravel/framework/src/Illuminate/Container/BoundMethod.php(84): Illuminate/Container/Util::unwrapIfClosure(Object(Closure))
#17 C:/laragon/www/18indri/vendor/laravel/framework/src/Illuminate/Container/BoundMethod.php(35): Illuminate/Container/BoundMethod::callBoundMethod(Object(Illuminate/Foundation/Application), Object(Closure), Object(Closure))
#18 C:/laragon/www/18indri/vendor/laravel/framework/src/Illuminate/Container/Container.php(803): Illuminate/Container/BoundMethod::call(Object(Illuminate/Foundation/Application), Object(Closure), Array, NULL)
#19 C:/laragon/www/18indri/vendor/laravel/framework/src/Illuminate/Support/ServiceProvider.php(150): Illuminate/Container/Container->call(Object(Closure))
#20 C:/laragon/www/18indri/vendor/laravel/framework/src/Illuminate/Foundation/Application.php(1161): Illuminate/Support/ServiceProvider->callBootedCallbacks()
#21 C:/laragon/www/18indri/vendor/laravel/framework/src/Illuminate/Foundation/Application.php(1139): Illuminate/Foundation/Application->bootProvider(Object(Illuminate/Foundation/Support/Providers/RouteServiceProvider))
#22 [internal function]: Illuminate/Foundation/Application->{closure:Illuminate/Foundation/Application::boot():1138}(Object(Illuminate/Foundation/Support/Providers/RouteServiceProvider), 'Illuminate//Foun...')
#23 C:/laragon/www/18indri/vendor/laravel/framework/src/Illuminate/Foundation/Application.php(1138): array_walk(Array, Object(Closure))
#24 C:/laragon/www/18indri/vendor/laravel/framework/src/Illuminate/Foundation/Bootstrap/BootProviders.php(17): Illuminate/Foundation/Application->boot()
#25 C:/laragon/www/18indri/vendor/laravel/framework/src/Illuminate/Foundation/Application.php(349): Illuminate/Foundation/Bootstrap/BootProviders->bootstrap(Object(Illuminate/Foundation/Application))
#26 C:/laragon/www/18indri/vendor/laravel/framework/src/Illuminate/Foundation/Console/Kernel.php(507): Illuminate/Foundation/Application->bootstrapWith(Array)
#27 C:/laragon/www/18indri/vendor/laravel/framework/src/Illuminate/Foundation/Console/Kernel.php(196): Illuminate/Foundation/Console/Kernel->bootstrap()
#28 C:/laragon/www/18indri/vendor/laravel/framework/src/Illuminate/Foundation/Application.php(1242): Illuminate/Foundation/Console/Kernel->handle(Object(Symfony/Component/Console/Input/ArgvInput), Object(Symfony/Component/Console/Output/ConsoleOutput))
#29 C:/laragon/www/18indri/artisan(16): Illuminate/Foundation/Application->handleCommand(Object(Symfony/Component/Console/Input/ArgvInput))
#30 {main}
"} 
[2026-09-24 02:56:47] local.ERROR: Illuminate\Routing\Router::apiResources(): Argument #1 ($resources) must be of type array, string given, called in C:\laragon\www\18indri\vendor\laravel\framework\src\Illuminate\Support\Facades\Facade.php on line 364 {"exception":"[object] (TypeError(code: 0): Illuminate\\Routing\\Router::apiResources(): Argument #1 ($resources) must be of type array, string given, called in C:\\laragon\\www\\18indri\\vendor\\laravel\\framework\\src\\Illuminate\\Support\\Facades\\Facade.php on line 364 at C:/laragon/www/18indri/vendor/laravel/framework/src/Illuminate/Routing/Router.php:367)
[stacktrace]
#0 C:/laragon/www/18indri/vendor/laravel/framework/src/Illuminate/Support/Facades/Facade.php(364): Illuminate/Routing/Router->apiResources('users', 'App//Http//Contro...')
#1 C:/laragon/www/18indri/routes/api.php(11): Illuminate/Support/Facades/Facade::__callStatic('apiResources', Array)
#2 C:/laragon/www/18indri/vendor/laravel/framework/src/Illuminate/Routing/RouteFileRegistrar.php(34): require('C://laragon//www//...')
#3 C:/laragon/www/18indri/vendor/laravel/framework/src/Illuminate/Routing/Router.php(526): Illuminate/Routing/RouteFileRegistrar->register('C://laragon//www//...')
#4 C:/laragon/www/18indri/vendor/laravel/framework/src/Illuminate/Routing/Router.php(480): Illuminate/Routing/Router->loadRoutes('C://laragon//www//...')
#5 C:/laragon/www/18indri/vendor/laravel/framework/src/Illuminate/Routing/RouteRegistrar.php(224): Illuminate/Routing/Router->group(Array, 'C://laragon//www//...')
#6 C:/laragon/www/18indri/vendor/laravel/framework/src/Illuminate/Foundation/Configuration/ApplicationBuilder.php(219): Illuminate/Routing/RouteRegistrar->group('C://laragon//www//...')
#7 C:/laragon/www/18indri/vendor/laravel/framework/src/Illuminate/Container/BoundMethod.php(36): Illuminate/Foundation/Configuration/ApplicationBuilder->{closure:Illuminate/Foundation/Configuration/ApplicationBuilder::buildRoutingCallback():210}()
#8 C:/laragon/www/18indri/vendor/laravel/framework/src/Illuminate/Container/Util.php(43): Illuminate/Container/BoundMethod::{closure:Illuminate/Container/BoundMethod::call():35}()
#9 C:/laragon/www/18indri/vendor/laravel/framework/src/Illuminate/Container/BoundMethod.php(84): Illuminate/Container/Util::unwrapIfClosure(Object(Closure))
#10 C:/laragon/www/18indri/vendor/laravel/framework/src/Illuminate/Container/BoundMethod.php(35): Illuminate/Container/BoundMethod::callBoundMethod(Object(Illuminate/Foundation/Application), Object(Closure), Object(Closure))
#11 C:/laragon/www/18indri/vendor/laravel/framework/src/Illuminate/Container/Container.php(803): Illuminate/Container/BoundMethod::call(Object(Illuminate/Foundation/Application), Object(Closure), Array, NULL)
#12 C:/laragon/www/18indri/vendor/laravel/framework/src/Illuminate/Foundation/Support/Providers/RouteServiceProvider.php(162): Illuminate/Container/Container->call(Object(Closure))
#13 C:/laragon/www/18indri/vendor/laravel/framework/src/Illuminate/Foundation/Support/Providers/RouteServiceProvider.php(59): Illuminate/Foundation/Support/Providers/RouteServiceProvider->loadRoutes()
#14 C:/laragon/www/18indri/vendor/laravel/framework/src/Illuminate/Container/BoundMethod.php(36): Illuminate/Foundation/Support/Providers/RouteServiceProvider->{closure:Illuminate/Foundation/Support/Providers/RouteServiceProvider::register():53}()
#15 C:/laragon/www/18indri/vendor/laravel/framework/src/Illuminate/Container/Util.php(43): Illuminate/Container/BoundMethod::{closure:Illuminate/Container/BoundMethod::call():35}()
#16 C:/laragon/www/18indri/vendor/laravel/framework/src/Illuminate/Container/BoundMethod.php(84): Illuminate/Container/Util::unwrapIfClosure(Object(Closure))
#17 C:/laragon/www/18indri/vendor/laravel/framework/src/Illuminate/Container/BoundMethod.php(35): Illuminate/Container/BoundMethod::callBoundMethod(Object(Illuminate/Foundation/Application), Object(Closure), Object(Closure))
#18 C:/laragon/www/18indri/vendor/laravel/framework/src/Illuminate/Container/Container.php(803): Illuminate/Container/BoundMethod::call(Object(Illuminate/Foundation/Application), Object(Closure), Array, NULL)
#19 C:/laragon/www/18indri/vendor/laravel/framework/src/Illuminate/Support/ServiceProvider.php(150): Illuminate/Container/Container->call(Object(Closure))
#20 C:/laragon/www/18indri/vendor/laravel/framework/src/Illuminate/Foundation/Application.php(1161): Illuminate/Support/ServiceProvider->callBootedCallbacks()
#21 C:/laragon/www/18indri/vendor/laravel/framework/src/Illuminate/Foundation/Application.php(1139): Illuminate/Foundation/Application->bootProvider(Object(Illuminate/Foundation/Support/Providers/RouteServiceProvider))
#22 [internal function]: Illuminate/Foundation/Application->{closure:Illuminate/Foundation/Application::boot():1138}(Object(Illuminate/Foundation/Support/Providers/RouteServiceProvider), 'Illuminate//Foun...')
#23 C:/laragon/www/18indri/vendor/laravel/framework/src/Illuminate/Foundation/Application.php(1138): array_walk(Array, Object(Closure))
#24 C:/laragon/www/18indri/vendor/laravel/framework/src/Illuminate/Foundation/Bootstrap/BootProviders.php(17): Illuminate/Foundation/Application->boot()
#25 C:/laragon/www/18indri/vendor/laravel/framework/src/Illuminate/Foundation/Application.php(349): Illuminate/Foundation/Bootstrap/BootProviders->bootstrap(Object(Illuminate/Foundation/Application))
#26 C:/laragon/www/18indri/vendor/laravel/framework/src/Illuminate/Foundation/Console/Kernel.php(507): Illuminate/Foundation/Application->bootstrapWith(Array)
#27 C:/laragon/www/18indri/vendor/laravel/framework/src/Illuminate/Foundation/Console/Kernel.php(196): Illuminate/Foundation/Console/Kernel->bootstrap()
#28 Command line code(1): Illuminate/Foundation/Console/Kernel->handle(Object(Symfony/Component/Console/Input/ArgvInput), Object(Symfony/Component/Console/Output/ConsoleOutput))
#29 {main}
"} 
[2026-09-24 02:56:47] local.ERROR: Illuminate\Routing\Router::apiResources(): Argument #1 ($resources) must be of type array, string given, called in C:\laragon\www\18indri\vendor\laravel\framework\src\Illuminate\Support\Facades\Facade.php on line 364 {"exception":"[object] (TypeError(code: 0): Illuminate\\Routing\\Router::apiResources(): Argument #1 ($resources) must be of type array, string given, called in C:\\laragon\\www\\18indri\\vendor\\laravel\\framework\\src\\Illuminate\\Support\\Facades\\Facade.php on line 364 at C:/laragon/www/18indri/vendor/laravel/framework/src/Illuminate/Routing/Router.php:367)
[stacktrace]
#0 C:/laragon/www/18indri/vendor/laravel/framework/src/Illuminate/Support/Facades/Facade.php(364): Illuminate/Routing/Router->apiResources('users', 'App//Http//Contro...')
#1 C:/laragon/www/18indri/routes/api.php(11): Illuminate/Support/Facades/Facade::__callStatic('apiResources', Array)
#2 C:/laragon/www/18indri/vendor/laravel/framework/src/Illuminate/Routing/RouteFileRegistrar.php(34): require('C://laragon//www//...')
#3 C:/laragon/www/18indri/vendor/laravel/framework/src/Illuminate/Routing/Router.php(526): Illuminate/Routing/RouteFileRegistrar->register('C://laragon//www//...')
#4 C:/laragon/www/18indri/vendor/laravel/framework/src/Illuminate/Routing/Router.php(480): Illuminate/Routing/Router->loadRoutes('C://laragon//www//...')
#5 C:/laragon/www/18indri/vendor/laravel/framework/src/Illuminate/Routing/RouteRegistrar.php(224): Illuminate/Routing/Router->group(Array, 'C://laragon//www//...')
#6 C:/laragon/www/18indri/vendor/laravel/framework/src/Illuminate/Foundation/Configuration/ApplicationBuilder.php(219): Illuminate/Routing/RouteRegistrar->group('C://laragon//www//...')
#7 C:/laragon/www/18indri/vendor/laravel/framework/src/Illuminate/Container/BoundMethod.php(36): Illuminate/Foundation/Configuration/ApplicationBuilder->{closure:Illuminate/Foundation/Configuration/ApplicationBuilder::buildRoutingCallback():210}()
#8 C:/laragon/www/18indri/vendor/laravel/framework/src/Illuminate/Container/Util.php(43): Illuminate/Container/BoundMethod::{closure:Illuminate/Container/BoundMethod::call():35}()
#9 C:/laragon/www/18indri/vendor/laravel/framework/src/Illuminate/Container/BoundMethod.php(84): Illuminate/Container/Util::unwrapIfClosure(Object(Closure))
#10 C:/laragon/www/18indri/vendor/laravel/framework/src/Illuminate/Container/BoundMethod.php(35): Illuminate/Container/BoundMethod::callBoundMethod(Object(Illuminate/Foundation/Application), Object(Closure), Object(Closure))
#11 C:/laragon/www/18indri/vendor/laravel/framework/src/Illuminate/Container/Container.php(803): Illuminate/Container/BoundMethod::call(Object(Illuminate/Foundation/Application), Object(Closure), Array, NULL)
#12 C:/laragon/www/18indri/vendor/laravel/framework/src/Illuminate/Foundation/Support/Providers/RouteServiceProvider.php(162): Illuminate/Container/Container->call(Object(Closure))
#13 C:/laragon/www/18indri/vendor/laravel/framework/src/Illuminate/Foundation/Support/Providers/RouteServiceProvider.php(59): Illuminate/Foundation/Support/Providers/RouteServiceProvider->loadRoutes()
#14 C:/laragon/www/18indri/vendor/laravel/framework/src/Illuminate/Container/BoundMethod.php(36): Illuminate/Foundation/Support/Providers/RouteServiceProvider->{closure:Illuminate/Foundation/Support/Providers/RouteServiceProvider::register():53}()
#15 C:/laragon/www/18indri/vendor/laravel/framework/src/Illuminate/Container/Util.php(43): Illuminate/Container/BoundMethod::{closure:Illuminate/Container/BoundMethod::call():35}()
#16 C:/laragon/www/18indri/vendor/laravel/framework/src/Illuminate/Container/BoundMethod.php(84): Illuminate/Container/Util::unwrapIfClosure(Object(Closure))
#17 C:/laragon/www/18indri/vendor/laravel/framework/src/Illuminate/Container/BoundMethod.php(35): Illuminate/Container/BoundMethod::callBoundMethod(Object(Illuminate/Foundation/Application), Object(Closure), Object(Closure))
#18 C:/laragon/www/18indri/vendor/laravel/framework/src/Illuminate/Container/Container.php(803): Illuminate/Container/BoundMethod::call(Object(Illuminate/Foundation/Application), Object(Closure), Array, NULL)
#19 C:/laragon/www/18indri/vendor/laravel/framework/src/Illuminate/Support/ServiceProvider.php(150): Illuminate/Container/Container->call(Object(Closure))
#20 C:/laragon/www/18indri/vendor/laravel/framework/src/Illuminate/Foundation/Application.php(1161): Illuminate/Support/ServiceProvider->callBootedCallbacks()
#21 C:/laragon/www/18indri/vendor/laravel/framework/src/Illuminate/Foundation/Application.php(1139): Illuminate/Foundation/Application->bootProvider(Object(Illuminate/Foundation/Support/Providers/RouteServiceProvider))
#22 [internal function]: Illuminate/Foundation/Application->{closure:Illuminate/Foundation/Application::boot():1138}(Object(Illuminate/Foundation/Support/Providers/RouteServiceProvider), 'Illuminate//Foun...')
#23 C:/laragon/www/18indri/vendor/laravel/framework/src/Illuminate/Foundation/Application.php(1138): array_walk(Array, Object(Closure))
#24 C:/laragon/www/18indri/vendor/laravel/framework/src/Illuminate/Foundation/Bootstrap/BootProviders.php(17): Illuminate/Foundation/Application->boot()
#25 C:/laragon/www/18indri/vendor/laravel/framework/src/Illuminate/Foundation/Application.php(349): Illuminate/Foundation/Bootstrap/BootProviders->bootstrap(Object(Illuminate/Foundation/Application))
#26 C:/laragon/www/18indri/vendor/laravel/framework/src/Illuminate/Foundation/Console/Kernel.php(507): Illuminate/Foundation/Application->bootstrapWith(Array)
#27 C:/laragon/www/18indri/vendor/laravel/framework/src/Illuminate/Foundation/Console/Kernel.php(196): Illuminate/Foundation/Console/Kernel->bootstrap()
#28 Command line code(1): Illuminate/Foundation/Console/Kernel->handle(Object(Symfony/Component/Console/Input/ArgvInput), Object(Symfony/Component/Console/Output/ConsoleOutput))
#29 {main}
"} 
[2026-09-24 02:56:48] local.ERROR: Illuminate\Routing\Router::apiResources(): Argument #1 ($resources) must be of type array, string given, called in C:\laragon\www\18indri\vendor\laravel\framework\src\Illuminate\Support\Facades\Facade.php on line 364 {"exception":"[object] (TypeError(code: 0): Illuminate\\Routing\\Router::apiResources(): Argument #1 ($resources) must be of type array, string given, called in C:\\laragon\\www\\18indri\\vendor\\laravel\\framework\\src\\Illuminate\\Support\\Facades\\Facade.php on line 364 at C:/laragon/www/18indri/vendor/laravel/framework/src/Illuminate/Routing/Router.php:367)
[stacktrace]
#0 C:/laragon/www/18indri/vendor/laravel/framework/src/Illuminate/Support/Facades/Facade.php(364): Illuminate/Routing/Router->apiResources('users', 'App//Http//Contro...')
#1 C:/laragon/www/18indri/routes/api.php(11): Illuminate/Support/Facades/Facade::__callStatic('apiResources', Array)
#2 C:/laragon/www/18indri/vendor/laravel/framework/src/Illuminate/Routing/RouteFileRegistrar.php(34): require('C://laragon//www//...')
#3 C:/laragon/www/18indri/vendor/laravel/framework/src/Illuminate/Routing/Router.php(526): Illuminate/Routing/RouteFileRegistrar->register('C://laragon//www//...')
#4 C:/laragon/www/18indri/vendor/laravel/framework/src/Illuminate/Routing/Router.php(480): Illuminate/Routing/Router->loadRoutes('C://laragon//www//...')
#5 C:/laragon/www/18indri/vendor/laravel/framework/src/Illuminate/Routing/RouteRegistrar.php(224): Illuminate/Routing/Router->group(Array, 'C://laragon//www//...')
#6 C:/laragon/www/18indri/vendor/laravel/framework/src/Illuminate/Foundation/Configuration/ApplicationBuilder.php(219): Illuminate/Routing/RouteRegistrar->group('C://laragon//www//...')
#7 C:/laragon/www/18indri/vendor/laravel/framework/src/Illuminate/Container/BoundMethod.php(36): Illuminate/Foundation/Configuration/ApplicationBuilder->{closure:Illuminate/Foundation/Configuration/ApplicationBuilder::buildRoutingCallback():210}()
#8 C:/laragon/www/18indri/vendor/laravel/framework/src/Illuminate/Container/Util.php(43): Illuminate/Container/BoundMethod::{closure:Illuminate/Container/BoundMethod::call():35}()
#9 C:/laragon/www/18indri/vendor/laravel/framework/src/Illuminate/Container/BoundMethod.php(84): Illuminate/Container/Util::unwrapIfClosure(Object(Closure))
#10 C:/laragon/www/18indri/vendor/laravel/framework/src/Illuminate/Container/BoundMethod.php(35): Illuminate/Container/BoundMethod::callBoundMethod(Object(Illuminate/Foundation/Application), Object(Closure), Object(Closure))
#11 C:/laragon/www/18indri/vendor/laravel/framework/src/Illuminate/Container/Container.php(803): Illuminate/Container/BoundMethod::call(Object(Illuminate/Foundation/Application), Object(Closure), Array, NULL)
#12 C:/laragon/www/18indri/vendor/laravel/framework/src/Illuminate/Foundation/Support/Providers/RouteServiceProvider.php(162): Illuminate/Container/Container->call(Object(Closure))
#13 C:/laragon/www/18indri/vendor/laravel/framework/src/Illuminate/Foundation/Support/Providers/RouteServiceProvider.php(59): Illuminate/Foundation/Support/Providers/RouteServiceProvider->loadRoutes()
#14 C:/laragon/www/18indri/vendor/laravel/framework/src/Illuminate/Container/BoundMethod.php(36): Illuminate/Foundation/Support/Providers/RouteServiceProvider->{closure:Illuminate/Foundation/Support/Providers/RouteServiceProvider::register():53}()
#15 C:/laragon/www/18indri/vendor/laravel/framework/src/Illuminate/Container/Util.php(43): Illuminate/Container/BoundMethod::{closure:Illuminate/Container/BoundMethod::call():35}()
#16 C:/laragon/www/18indri/vendor/laravel/framework/src/Illuminate/Container/BoundMethod.php(84): Illuminate/Container/Util::unwrapIfClosure(Object(Closure))
#17 C:/laragon/www/18indri/vendor/laravel/framework/src/Illuminate/Container/BoundMethod.php(35): Illuminate/Container/BoundMethod::callBoundMethod(Object(Illuminate/Foundation/Application), Object(Closure), Object(Closure))
#18 C:/laragon/www/18indri/vendor/laravel/framework/src/Illuminate/Container/Container.php(803): Illuminate/Container/BoundMethod::call(Object(Illuminate/Foundation/Application), Object(Closure), Array, NULL)
#19 C:/laragon/www/18indri/vendor/laravel/framework/src/Illuminate/Support/ServiceProvider.php(150): Illuminate/Container/Container->call(Object(Closure))
#20 C:/laragon/www/18indri/vendor/laravel/framework/src/Illuminate/Foundation/Application.php(1161): Illuminate/Support/ServiceProvider->callBootedCallbacks()
#21 C:/laragon/www/18indri/vendor/laravel/framework/src/Illuminate/Foundation/Application.php(1139): Illuminate/Foundation/Application->bootProvider(Object(Illuminate/Foundation/Support/Providers/RouteServiceProvider))
#22 [internal function]: Illuminate/Foundation/Application->{closure:Illuminate/Foundation/Application::boot():1138}(Object(Illuminate/Foundation/Support/Providers/RouteServiceProvider), 'Illuminate//Foun...')
#23 C:/laragon/www/18indri/vendor/laravel/framework/src/Illuminate/Foundation/Application.php(1138): array_walk(Array, Object(Closure))
#24 C:/laragon/www/18indri/vendor/laravel/framework/src/Illuminate/Foundation/Bootstrap/BootProviders.php(17): Illuminate/Foundation/Application->boot()
#25 C:/laragon/www/18indri/vendor/laravel/framework/src/Illuminate/Foundation/Application.php(349): Illuminate/Foundation/Bootstrap/BootProviders->bootstrap(Object(Illuminate/Foundation/Application))
#26 C:/laragon/www/18indri/vendor/laravel/framework/src/Illuminate/Foundation/Console/Kernel.php(507): Illuminate/Foundation/Application->bootstrapWith(Array)
#27 C:/laragon/www/18indri/vendor/laravel/framework/src/Illuminate/Foundation/Console/Kernel.php(196): Illuminate/Foundation/Console/Kernel->bootstrap()
#28 Command line code(1): Illuminate/Foundation/Console/Kernel->handle(Object(Symfony/Component/Console/Input/ArgvInput), Object(Symfony/Component/Console/Output/ConsoleOutput))
#29 {main}
"} 
[2026-09-24 02:57:11] local.ERROR: Illuminate\Routing\Router::apiResources(): Argument #1 ($resources) must be of type array, string given, called in C:\laragon\www\18indri\vendor\laravel\framework\src\Illuminate\Support\Facades\Facade.php on line 364 {"exception":"[object] (TypeError(code: 0): Illuminate\\Routing\\Router::apiResources(): Argument #1 ($resources) must be of type array, string given, called in C:\\laragon\\www\\18indri\\vendor\\laravel\\framework\\src\\Illuminate\\Support\\Facades\\Facade.php on line 364 at C:/laragon/www/18indri/vendor/laravel/framework/src/Illuminate/Routing/Router.php:367)
[stacktrace]
#0 C:/laragon/www/18indri/vendor/laravel/framework/src/Illuminate/Support/Facades/Facade.php(364): Illuminate/Routing/Router->apiResources('users', 'App//Http//Contro...')
#1 C:/laragon/www/18indri/routes/api.php(11): Illuminate/Support/Facades/Facade::__callStatic('apiResources', Array)
#2 C:/laragon/www/18indri/vendor/laravel/framework/src/Illuminate/Routing/RouteFileRegistrar.php(34): require('C://laragon//www//...')
#3 C:/laragon/www/18indri/vendor/laravel/framework/src/Illuminate/Routing/Router.php(526): Illuminate/Routing/RouteFileRegistrar->register('C://laragon//www//...')
#4 C:/laragon/www/18indri/vendor/laravel/framework/src/Illuminate/Routing/Router.php(480): Illuminate/Routing/Router->loadRoutes('C://laragon//www//...')
#5 C:/laragon/www/18indri/vendor/laravel/framework/src/Illuminate/Routing/RouteRegistrar.php(224): Illuminate/Routing/Router->group(Array, 'C://laragon//www//...')
#6 C:/laragon/www/18indri/vendor/laravel/framework/src/Illuminate/Foundation/Configuration/ApplicationBuilder.php(219): Illuminate/Routing/RouteRegistrar->group('C://laragon//www//...')
#7 C:/laragon/www/18indri/vendor/laravel/framework/src/Illuminate/Container/BoundMethod.php(36): Illuminate/Foundation/Configuration/ApplicationBuilder->{closure:Illuminate/Foundation/Configuration/ApplicationBuilder::buildRoutingCallback():210}()
#8 C:/laragon/www/18indri/vendor/laravel/framework/src/Illuminate/Container/Util.php(43): Illuminate/Container/BoundMethod::{closure:Illuminate/Container/BoundMethod::call():35}()
#9 C:/laragon/www/18indri/vendor/laravel/framework/src/Illuminate/Container/BoundMethod.php(84): Illuminate/Container/Util::unwrapIfClosure(Object(Closure))
#10 C:/laragon/www/18indri/vendor/laravel/framework/src/Illuminate/Container/BoundMethod.php(35): Illuminate/Container/BoundMethod::callBoundMethod(Object(Illuminate/Foundation/Application), Object(Closure), Object(Closure))
#11 C:/laragon/www/18indri/vendor/laravel/framework/src/Illuminate/Container/Container.php(803): Illuminate/Container/BoundMethod::call(Object(Illuminate/Foundation/Application), Object(Closure), Array, NULL)
#12 C:/laragon/www/18indri/vendor/laravel/framework/src/Illuminate/Foundation/Support/Providers/RouteServiceProvider.php(162): Illuminate/Container/Container->call(Object(Closure))
#13 C:/laragon/www/18indri/vendor/laravel/framework/src/Illuminate/Foundation/Support/Providers/RouteServiceProvider.php(59): Illuminate/Foundation/Support/Providers/RouteServiceProvider->loadRoutes()
#14 C:/laragon/www/18indri/vendor/laravel/framework/src/Illuminate/Container/BoundMethod.php(36): Illuminate/Foundation/Support/Providers/RouteServiceProvider->{closure:Illuminate/Foundation/Support/Providers/RouteServiceProvider::register():53}()
#15 C:/laragon/www/18indri/vendor/laravel/framework/src/Illuminate/Container/Util.php(43): Illuminate/Container/BoundMethod::{closure:Illuminate/Container/BoundMethod::call():35}()
#16 C:/laragon/www/18indri/vendor/laravel/framework/src/Illuminate/Container/BoundMethod.php(84): Illuminate/Container/Util::unwrapIfClosure(Object(Closure))
#17 C:/laragon/www/18indri/vendor/laravel/framework/src/Illuminate/Container/BoundMethod.php(35): Illuminate/Container/BoundMethod::callBoundMethod(Object(Illuminate/Foundation/Application), Object(Closure), Object(Closure))
#18 C:/laragon/www/18indri/vendor/laravel/framework/src/Illuminate/Container/Container.php(803): Illuminate/Container/BoundMethod::call(Object(Illuminate/Foundation/Application), Object(Closure), Array, NULL)
#19 C:/laragon/www/18indri/vendor/laravel/framework/src/Illuminate/Support/ServiceProvider.php(150): Illuminate/Container/Container->call(Object(Closure))
#20 C:/laragon/www/18indri/vendor/laravel/framework/src/Illuminate/Foundation/Application.php(1161): Illuminate/Support/ServiceProvider->callBootedCallbacks()
#21 C:/laragon/www/18indri/vendor/laravel/framework/src/Illuminate/Foundation/Application.php(1139): Illuminate/Foundation/Application->bootProvider(Object(Illuminate/Foundation/Support/Providers/RouteServiceProvider))
#22 [internal function]: Illuminate/Foundation/Application->{closure:Illuminate/Foundation/Application::boot():1138}(Object(Illuminate/Foundation/Support/Providers/RouteServiceProvider), 'Illuminate//Foun...')
#23 C:/laragon/www/18indri/vendor/laravel/framework/src/Illuminate/Foundation/Application.php(1138): array_walk(Array, Object(Closure))
#24 C:/laragon/www/18indri/vendor/laravel/framework/src/Illuminate/Foundation/Bootstrap/BootProviders.php(17): Illuminate/Foundation/Application->boot()
#25 C:/laragon/www/18indri/vendor/laravel/framework/src/Illuminate/Foundation/Application.php(349): Illuminate/Foundation/Bootstrap/BootProviders->bootstrap(Object(Illuminate/Foundation/Application))
#26 C:/laragon/www/18indri/vendor/laravel/framework/src/Illuminate/Foundation/Console/Kernel.php(507): Illuminate/Foundation/Application->bootstrapWith(Array)
#27 C:/laragon/www/18indri/vendor/laravel/framework/src/Illuminate/Foundation/Console/Kernel.php(196): Illuminate/Foundation/Console/Kernel->bootstrap()
#28 Command line code(1): Illuminate/Foundation/Console/Kernel->handle(Object(Symfony/Component/Console/Input/ArgvInput), Object(Symfony/Component/Console/Output/ConsoleOutput))
#29 {main}
"} 
[2026-09-24 02:57:47] local.ERROR: Illuminate\Routing\Router::apiResources(): Argument #1 ($resources) must be of type array, string given, called in C:\laragon\www\18indri\vendor\laravel\framework\src\Illuminate\Support\Facades\Facade.php on line 364 {"exception":"[object] (TypeError(code: 0): Illuminate\\Routing\\Router::apiResources(): Argument #1 ($resources) must be of type array, string given, called in C:\\laragon\\www\\18indri\\vendor\\laravel\\framework\\src\\Illuminate\\Support\\Facades\\Facade.php on line 364 at C:/laragon/www/18indri/vendor/laravel/framework/src/Illuminate/Routing/Router.php:367)
[stacktrace]
#0 C:/laragon/www/18indri/vendor/laravel/framework/src/Illuminate/Support/Facades/Facade.php(364): Illuminate/Routing/Router->apiResources('users', 'App//Http//Contro...')
#1 C:/laragon/www/18indri/routes/api.php(11): Illuminate/Support/Facades/Facade::__callStatic('apiResources', Array)
#2 C:/laragon/www/18indri/vendor/laravel/framework/src/Illuminate/Routing/RouteFileRegistrar.php(34): require('C://laragon//www//...')
#3 C:/laragon/www/18indri/vendor/laravel/framework/src/Illuminate/Routing/Router.php(526): Illuminate/Routing/RouteFileRegistrar->register('C://laragon//www//...')
#4 C:/laragon/www/18indri/vendor/laravel/framework/src/Illuminate/Routing/Router.php(480): Illuminate/Routing/Router->loadRoutes('C://laragon//www//...')
#5 C:/laragon/www/18indri/vendor/laravel/framework/src/Illuminate/Routing/RouteRegistrar.php(224): Illuminate/Routing/Router->group(Array, 'C://laragon//www//...')
#6 C:/laragon/www/18indri/vendor/laravel/framework/src/Illuminate/Foundation/Configuration/ApplicationBuilder.php(219): Illuminate/Routing/RouteRegistrar->group('C://laragon//www//...')
#7 C:/laragon/www/18indri/vendor/laravel/framework/src/Illuminate/Container/BoundMethod.php(36): Illuminate/Foundation/Configuration/ApplicationBuilder->{closure:Illuminate/Foundation/Configuration/ApplicationBuilder::buildRoutingCallback():210}()
#8 C:/laragon/www/18indri/vendor/laravel/framework/src/Illuminate/Container/Util.php(43): Illuminate/Container/BoundMethod::{closure:Illuminate/Container/BoundMethod::call():35}()
#9 C:/laragon/www/18indri/vendor/laravel/framework/src/Illuminate/Container/BoundMethod.php(84): Illuminate/Container/Util::unwrapIfClosure(Object(Closure))
#10 C:/laragon/www/18indri/vendor/laravel/framework/src/Illuminate/Container/BoundMethod.php(35): Illuminate/Container/BoundMethod::callBoundMethod(Object(Illuminate/Foundation/Application), Object(Closure), Object(Closure))
#11 C:/laragon/www/18indri/vendor/laravel/framework/src/Illuminate/Container/Container.php(803): Illuminate/Container/BoundMethod::call(Object(Illuminate/Foundation/Application), Object(Closure), Array, NULL)
#12 C:/laragon/www/18indri/vendor/laravel/framework/src/Illuminate/Foundation/Support/Providers/RouteServiceProvider.php(162): Illuminate/Container/Container->call(Object(Closure))
#13 C:/laragon/www/18indri/vendor/laravel/framework/src/Illuminate/Foundation/Support/Providers/RouteServiceProvider.php(59): Illuminate/Foundation/Support/Providers/RouteServiceProvider->loadRoutes()
#14 C:/laragon/www/18indri/vendor/laravel/framework/src/Illuminate/Container/BoundMethod.php(36): Illuminate/Foundation/Support/Providers/RouteServiceProvider->{closure:Illuminate/Foundation/Support/Providers/RouteServiceProvider::register():53}()
#15 C:/laragon/www/18indri/vendor/laravel/framework/src/Illuminate/Container/Util.php(43): Illuminate/Container/BoundMethod::{closure:Illuminate/Container/BoundMethod::call():35}()
#16 C:/laragon/www/18indri/vendor/laravel/framework/src/Illuminate/Container/BoundMethod.php(84): Illuminate/Container/Util::unwrapIfClosure(Object(Closure))
#17 C:/laragon/www/18indri/vendor/laravel/framework/src/Illuminate/Container/BoundMethod.php(35): Illuminate/Container/BoundMethod::callBoundMethod(Object(Illuminate/Foundation/Application), Object(Closure), Object(Closure))
#18 C:/laragon/www/18indri/vendor/laravel/framework/src/Illuminate/Container/Container.php(803): Illuminate/Container/BoundMethod::call(Object(Illuminate/Foundation/Application), Object(Closure), Array, NULL)
#19 C:/laragon/www/18indri/vendor/laravel/framework/src/Illuminate/Support/ServiceProvider.php(150): Illuminate/Container/Container->call(Object(Closure))
#20 C:/laragon/www/18indri/vendor/laravel/framework/src/Illuminate/Foundation/Application.php(1161): Illuminate/Support/ServiceProvider->callBootedCallbacks()
#21 C:/laragon/www/18indri/vendor/laravel/framework/src/Illuminate/Foundation/Application.php(1139): Illuminate/Foundation/Application->bootProvider(Object(Illuminate/Foundation/Support/Providers/RouteServiceProvider))
#22 [internal function]: Illuminate/Foundation/Application->{closure:Illuminate/Foundation/Application::boot():1138}(Object(Illuminate/Foundation/Support/Providers/RouteServiceProvider), 'Illuminate//Foun...')
#23 C:/laragon/www/18indri/vendor/laravel/framework/src/Illuminate/Foundation/Application.php(1138): array_walk(Array, Object(Closure))
#24 C:/laragon/www/18indri/vendor/laravel/framework/src/Illuminate/Foundation/Bootstrap/BootProviders.php(17): Illuminate/Foundation/Application->boot()
#25 C:/laragon/www/18indri/vendor/laravel/framework/src/Illuminate/Foundation/Application.php(349): Illuminate/Foundation/Bootstrap/BootProviders->bootstrap(Object(Illuminate/Foundation/Application))
#26 C:/laragon/www/18indri/vendor/laravel/framework/src/Illuminate/Foundation/Console/Kernel.php(507): Illuminate/Foundation/Application->bootstrapWith(Array)
#27 C:/laragon/www/18indri/vendor/laravel/framework/src/Illuminate/Foundation/Console/Kernel.php(196): Illuminate/Foundation/Console/Kernel->bootstrap()
#28 Command line code(1): Illuminate/Foundation/Console/Kernel->handle(Object(Symfony/Component/Console/Input/ArgvInput), Object(Symfony/Component/Console/Output/ConsoleOutput))
#29 {main}
"} 
[2026-09-24 02:58:47] local.ERROR: Illuminate\Routing\Router::apiResources(): Argument #1 ($resources) must be of type array, string given, called in C:\laragon\www\18indri\vendor\laravel\framework\src\Illuminate\Support\Facades\Facade.php on line 364 {"exception":"[object] (TypeError(code: 0): Illuminate\\Routing\\Router::apiResources(): Argument #1 ($resources) must be of type array, string given, called in C:\\laragon\\www\\18indri\\vendor\\laravel\\framework\\src\\Illuminate\\Support\\Facades\\Facade.php on line 364 at C:/laragon/www/18indri/vendor/laravel/framework/src/Illuminate/Routing/Router.php:367)
[stacktrace]
#0 C:/laragon/www/18indri/vendor/laravel/framework/src/Illuminate/Support/Facades/Facade.php(364): Illuminate/Routing/Router->apiResources('users', 'App//Http//Contro...')
#1 C:/laragon/www/18indri/routes/api.php(11): Illuminate/Support/Facades/Facade::__callStatic('apiResources', Array)
#2 C:/laragon/www/18indri/vendor/laravel/framework/src/Illuminate/Routing/RouteFileRegistrar.php(34): require('C://laragon//www//...')
#3 C:/laragon/www/18indri/vendor/laravel/framework/src/Illuminate/Routing/Router.php(526): Illuminate/Routing/RouteFileRegistrar->register('C://laragon//www//...')
#4 C:/laragon/www/18indri/vendor/laravel/framework/src/Illuminate/Routing/Router.php(480): Illuminate/Routing/Router->loadRoutes('C://laragon//www//...')
#5 C:/laragon/www/18indri/vendor/laravel/framework/src/Illuminate/Routing/RouteRegistrar.php(224): Illuminate/Routing/Router->group(Array, 'C://laragon//www//...')
#6 C:/laragon/www/18indri/vendor/laravel/framework/src/Illuminate/Foundation/Configuration/ApplicationBuilder.php(219): Illuminate/Routing/RouteRegistrar->group('C://laragon//www//...')
#7 C:/laragon/www/18indri/vendor/laravel/framework/src/Illuminate/Container/BoundMethod.php(36): Illuminate/Foundation/Configuration/ApplicationBuilder->{closure:Illuminate/Foundation/Configuration/ApplicationBuilder::buildRoutingCallback():210}()
#8 C:/laragon/www/18indri/vendor/laravel/framework/src/Illuminate/Container/Util.php(43): Illuminate/Container/BoundMethod::{closure:Illuminate/Container/BoundMethod::call():35}()
#9 C:/laragon/www/18indri/vendor/laravel/framework/src/Illuminate/Container/BoundMethod.php(84): Illuminate/Container/Util::unwrapIfClosure(Object(Closure))
#10 C:/laragon/www/18indri/vendor/laravel/framework/src/Illuminate/Container/BoundMethod.php(35): Illuminate/Container/BoundMethod::callBoundMethod(Object(Illuminate/Foundation/Application), Object(Closure), Object(Closure))
#11 C:/laragon/www/18indri/vendor/laravel/framework/src/Illuminate/Container/Container.php(803): Illuminate/Container/BoundMethod::call(Object(Illuminate/Foundation/Application), Object(Closure), Array, NULL)
#12 C:/laragon/www/18indri/vendor/laravel/framework/src/Illuminate/Foundation/Support/Providers/RouteServiceProvider.php(162): Illuminate/Container/Container->call(Object(Closure))
#13 C:/laragon/www/18indri/vendor/laravel/framework/src/Illuminate/Foundation/Support/Providers/RouteServiceProvider.php(59): Illuminate/Foundation/Support/Providers/RouteServiceProvider->loadRoutes()
#14 C:/laragon/www/18indri/vendor/laravel/framework/src/Illuminate/Container/BoundMethod.php(36): Illuminate/Foundation/Support/Providers/RouteServiceProvider->{closure:Illuminate/Foundation/Support/Providers/RouteServiceProvider::register():53}()
#15 C:/laragon/www/18indri/vendor/laravel/framework/src/Illuminate/Container/Util.php(43): Illuminate/Container/BoundMethod::{closure:Illuminate/Container/BoundMethod::call():35}()
#16 C:/laragon/www/18indri/vendor/laravel/framework/src/Illuminate/Container/BoundMethod.php(84): Illuminate/Container/Util::unwrapIfClosure(Object(Closure))
#17 C:/laragon/www/18indri/vendor/laravel/framework/src/Illuminate/Container/BoundMethod.php(35): Illuminate/Container/BoundMethod::callBoundMethod(Object(Illuminate/Foundation/Application), Object(Closure), Object(Closure))
#18 C:/laragon/www/18indri/vendor/laravel/framework/src/Illuminate/Container/Container.php(803): Illuminate/Container/BoundMethod::call(Object(Illuminate/Foundation/Application), Object(Closure), Array, NULL)
#19 C:/laragon/www/18indri/vendor/laravel/framework/src/Illuminate/Support/ServiceProvider.php(150): Illuminate/Container/Container->call(Object(Closure))
#20 C:/laragon/www/18indri/vendor/laravel/framework/src/Illuminate/Foundation/Application.php(1161): Illuminate/Support/ServiceProvider->callBootedCallbacks()
#21 C:/laragon/www/18indri/vendor/laravel/framework/src/Illuminate/Foundation/Application.php(1139): Illuminate/Foundation/Application->bootProvider(Object(Illuminate/Foundation/Support/Providers/RouteServiceProvider))
#22 [internal function]: Illuminate/Foundation/Application->{closure:Illuminate/Foundation/Application::boot():1138}(Object(Illuminate/Foundation/Support/Providers/RouteServiceProvider), 'Illuminate//Foun...')
#23 C:/laragon/www/18indri/vendor/laravel/framework/src/Illuminate/Foundation/Application.php(1138): array_walk(Array, Object(Closure))
#24 C:/laragon/www/18indri/vendor/laravel/framework/src/Illuminate/Foundation/Bootstrap/BootProviders.php(17): Illuminate/Foundation/Application->boot()
#25 C:/laragon/www/18indri/vendor/laravel/framework/src/Illuminate/Foundation/Application.php(349): Illuminate/Foundation/Bootstrap/BootProviders->bootstrap(Object(Illuminate/Foundation/Application))
#26 C:/laragon/www/18indri/vendor/laravel/framework/src/Illuminate/Foundation/Console/Kernel.php(507): Illuminate/Foundation/Application->bootstrapWith(Array)
#27 C:/laragon/www/18indri/vendor/laravel/framework/src/Illuminate/Foundation/Console/Kernel.php(196): Illuminate/Foundation/Console/Kernel->bootstrap()
#28 Command line code(1): Illuminate/Foundation/Console/Kernel->handle(Object(Symfony/Component/Console/Input/ArgvInput), Object(Symfony/Component/Console/Output/ConsoleOutput))
#29 {main}
"} 
[2026-09-24 02:59:47] local.ERROR: Illuminate\Routing\Router::apiResources(): Argument #1 ($resources) must be of type array, string given, called in C:\laragon\www\18indri\vendor\laravel\framework\src\Illuminate\Support\Facades\Facade.php on line 364 {"exception":"[object] (TypeError(code: 0): Illuminate\\Routing\\Router::apiResources(): Argument #1 ($resources) must be of type array, string given, called in C:\\laragon\\www\\18indri\\vendor\\laravel\\framework\\src\\Illuminate\\Support\\Facades\\Facade.php on line 364 at C:/laragon/www/18indri/vendor/laravel/framework/src/Illuminate/Routing/Router.php:367)
[stacktrace]
#0 C:/laragon/www/18indri/vendor/laravel/framework/src/Illuminate/Support/Facades/Facade.php(364): Illuminate/Routing/Router->apiResources('users', 'App//Http//Contro...')
#1 C:/laragon/www/18indri/routes/api.php(11): Illuminate/Support/Facades/Facade::__callStatic('apiResources', Array)
#2 C:/laragon/www/18indri/vendor/laravel/framework/src/Illuminate/Routing/RouteFileRegistrar.php(34): require('C://laragon//www//...')
#3 C:/laragon/www/18indri/vendor/laravel/framework/src/Illuminate/Routing/Router.php(526): Illuminate/Routing/RouteFileRegistrar->register('C://laragon//www//...')
#4 C:/laragon/www/18indri/vendor/laravel/framework/src/Illuminate/Routing/Router.php(480): Illuminate/Routing/Router->loadRoutes('C://laragon//www//...')
#5 C:/laragon/www/18indri/vendor/laravel/framework/src/Illuminate/Routing/RouteRegistrar.php(224): Illuminate/Routing/Router->group(Array, 'C://laragon//www//...')
#6 C:/laragon/www/18indri/vendor/laravel/framework/src/Illuminate/Foundation/Configuration/ApplicationBuilder.php(219): Illuminate/Routing/RouteRegistrar->group('C://laragon//www//...')
#7 C:/laragon/www/18indri/vendor/laravel/framework/src/Illuminate/Container/BoundMethod.php(36): Illuminate/Foundation/Configuration/ApplicationBuilder->{closure:Illuminate/Foundation/Configuration/ApplicationBuilder::buildRoutingCallback():210}()
#8 C:/laragon/www/18indri/vendor/laravel/framework/src/Illuminate/Container/Util.php(43): Illuminate/Container/BoundMethod::{closure:Illuminate/Container/BoundMethod::call():35}()
#9 C:/laragon/www/18indri/vendor/laravel/framework/src/Illuminate/Container/BoundMethod.php(84): Illuminate/Container/Util::unwrapIfClosure(Object(Closure))
#10 C:/laragon/www/18indri/vendor/laravel/framework/src/Illuminate/Container/BoundMethod.php(35): Illuminate/Container/BoundMethod::callBoundMethod(Object(Illuminate/Foundation/Application), Object(Closure), Object(Closure))
#11 C:/laragon/www/18indri/vendor/laravel/framework/src/Illuminate/Container/Container.php(803): Illuminate/Container/BoundMethod::call(Object(Illuminate/Foundation/Application), Object(Closure), Array, NULL)
#12 C:/laragon/www/18indri/vendor/laravel/framework/src/Illuminate/Foundation/Support/Providers/RouteServiceProvider.php(162): Illuminate/Container/Container->call(Object(Closure))
#13 C:/laragon/www/18indri/vendor/laravel/framework/src/Illuminate/Foundation/Support/Providers/RouteServiceProvider.php(59): Illuminate/Foundation/Support/Providers/RouteServiceProvider->loadRoutes()
#14 C:/laragon/www/18indri/vendor/laravel/framework/src/Illuminate/Container/BoundMethod.php(36): Illuminate/Foundation/Support/Providers/RouteServiceProvider->{closure:Illuminate/Foundation/Support/Providers/RouteServiceProvider::register():53}()
#15 C:/laragon/www/18indri/vendor/laravel/framework/src/Illuminate/Container/Util.php(43): Illuminate/Container/BoundMethod::{closure:Illuminate/Container/BoundMethod::call():35}()
#16 C:/laragon/www/18indri/vendor/laravel/framework/src/Illuminate/Container/BoundMethod.php(84): Illuminate/Container/Util::unwrapIfClosure(Object(Closure))
#17 C:/laragon/www/18indri/vendor/laravel/framework/src/Illuminate/Container/BoundMethod.php(35): Illuminate/Container/BoundMethod::callBoundMethod(Object(Illuminate/Foundation/Application), Object(Closure), Object(Closure))
#18 C:/laragon/www/18indri/vendor/laravel/framework/src/Illuminate/Container/Container.php(803): Illuminate/Container/BoundMethod::call(Object(Illuminate/Foundation/Application), Object(Closure), Array, NULL)
#19 C:/laragon/www/18indri/vendor/laravel/framework/src/Illuminate/Support/ServiceProvider.php(150): Illuminate/Container/Container->call(Object(Closure))
#20 C:/laragon/www/18indri/vendor/laravel/framework/src/Illuminate/Foundation/Application.php(1161): Illuminate/Support/ServiceProvider->callBootedCallbacks()
#21 C:/laragon/www/18indri/vendor/laravel/framework/src/Illuminate/Foundation/Application.php(1139): Illuminate/Foundation/Application->bootProvider(Object(Illuminate/Foundation/Support/Providers/RouteServiceProvider))
#22 [internal function]: Illuminate/Foundation/Application->{closure:Illuminate/Foundation/Application::boot():1138}(Object(Illuminate/Foundation/Support/Providers/RouteServiceProvider), 'Illuminate//Foun...')
#23 C:/laragon/www/18indri/vendor/laravel/framework/src/Illuminate/Foundation/Application.php(1138): array_walk(Array, Object(Closure))
#24 C:/laragon/www/18indri/vendor/laravel/framework/src/Illuminate/Foundation/Bootstrap/BootProviders.php(17): Illuminate/Foundation/Application->boot()
#25 C:/laragon/www/18indri/vendor/laravel/framework/src/Illuminate/Foundation/Application.php(349): Illuminate/Foundation/Bootstrap/BootProviders->bootstrap(Object(Illuminate/Foundation/Application))
#26 C:/laragon/www/18indri/vendor/laravel/framework/src/Illuminate/Foundation/Console/Kernel.php(507): Illuminate/Foundation/Application->bootstrapWith(Array)
#27 C:/laragon/www/18indri/vendor/laravel/framework/src/Illuminate/Foundation/Console/Kernel.php(196): Illuminate/Foundation/Console/Kernel->bootstrap()
#28 Command line code(1): Illuminate/Foundation/Console/Kernel->handle(Object(Symfony/Component/Console/Input/ArgvInput), Object(Symfony/Component/Console/Output/ConsoleOutput))
#29 {main}
"} 
[2026-09-24 03:00:23] local.ERROR: Illuminate\Routing\Router::apiResources(): Argument #1 ($resources) must be of type array, string given, called in C:\laragon\www\18indri\vendor\laravel\framework\src\Illuminate\Support\Facades\Facade.php on line 364 {"exception":"[object] (TypeError(code: 0): Illuminate\\Routing\\Router::apiResources(): Argument #1 ($resources) must be of type array, string given, called in C:\\laragon\\www\\18indri\\vendor\\laravel\\framework\\src\\Illuminate\\Support\\Facades\\Facade.php on line 364 at C:/laragon/www/18indri/vendor/laravel/framework/src/Illuminate/Routing/Router.php:367)
[stacktrace]
#0 C:/laragon/www/18indri/vendor/laravel/framework/src/Illuminate/Support/Facades/Facade.php(364): Illuminate/Routing/Router->apiResources('users', 'App//Http//Contro...')
#1 C:/laragon/www/18indri/routes/api.php(11): Illuminate/Support/Facades/Facade::__callStatic('apiResources', Array)
#2 C:/laragon/www/18indri/vendor/laravel/framework/src/Illuminate/Routing/RouteFileRegistrar.php(34): require('C://laragon//www//...')
#3 C:/laragon/www/18indri/vendor/laravel/framework/src/Illuminate/Routing/Router.php(526): Illuminate/Routing/RouteFileRegistrar->register('C://laragon//www//...')
#4 C:/laragon/www/18indri/vendor/laravel/framework/src/Illuminate/Routing/Router.php(480): Illuminate/Routing/Router->loadRoutes('C://laragon//www//...')
#5 C:/laragon/www/18indri/vendor/laravel/framework/src/Illuminate/Routing/RouteRegistrar.php(224): Illuminate/Routing/Router->group(Array, 'C://laragon//www//...')
#6 C:/laragon/www/18indri/vendor/laravel/framework/src/Illuminate/Foundation/Configuration/ApplicationBuilder.php(219): Illuminate/Routing/RouteRegistrar->group('C://laragon//www//...')
#7 C:/laragon/www/18indri/vendor/laravel/framework/src/Illuminate/Container/BoundMethod.php(36): Illuminate/Foundation/Configuration/ApplicationBuilder->{closure:Illuminate/Foundation/Configuration/ApplicationBuilder::buildRoutingCallback():210}()
#8 C:/laragon/www/18indri/vendor/laravel/framework/src/Illuminate/Container/Util.php(43): Illuminate/Container/BoundMethod::{closure:Illuminate/Container/BoundMethod::call():35}()
#9 C:/laragon/www/18indri/vendor/laravel/framework/src/Illuminate/Container/BoundMethod.php(84): Illuminate/Container/Util::unwrapIfClosure(Object(Closure))
#10 C:/laragon/www/18indri/vendor/laravel/framework/src/Illuminate/Container/BoundMethod.php(35): Illuminate/Container/BoundMethod::callBoundMethod(Object(Illuminate/Foundation/Application), Object(Closure), Object(Closure))
#11 C:/laragon/www/18indri/vendor/laravel/framework/src/Illuminate/Container/Container.php(803): Illuminate/Container/BoundMethod::call(Object(Illuminate/Foundation/Application), Object(Closure), Array, NULL)
#12 C:/laragon/www/18indri/vendor/laravel/framework/src/Illuminate/Foundation/Support/Providers/RouteServiceProvider.php(162): Illuminate/Container/Container->call(Object(Closure))
#13 C:/laragon/www/18indri/vendor/laravel/framework/src/Illuminate/Foundation/Support/Providers/RouteServiceProvider.php(59): Illuminate/Foundation/Support/Providers/RouteServiceProvider->loadRoutes()
#14 C:/laragon/www/18indri/vendor/laravel/framework/src/Illuminate/Container/BoundMethod.php(36): Illuminate/Foundation/Support/Providers/RouteServiceProvider->{closure:Illuminate/Foundation/Support/Providers/RouteServiceProvider::register():53}()
#15 C:/laragon/www/18indri/vendor/laravel/framework/src/Illuminate/Container/Util.php(43): Illuminate/Container/BoundMethod::{closure:Illuminate/Container/BoundMethod::call():35}()
#16 C:/laragon/www/18indri/vendor/laravel/framework/src/Illuminate/Container/BoundMethod.php(84): Illuminate/Container/Util::unwrapIfClosure(Object(Closure))
#17 C:/laragon/www/18indri/vendor/laravel/framework/src/Illuminate/Container/BoundMethod.php(35): Illuminate/Container/BoundMethod::callBoundMethod(Object(Illuminate/Foundation/Application), Object(Closure), Object(Closure))
#18 C:/laragon/www/18indri/vendor/laravel/framework/src/Illuminate/Container/Container.php(803): Illuminate/Container/BoundMethod::call(Object(Illuminate/Foundation/Application), Object(Closure), Array, NULL)
#19 C:/laragon/www/18indri/vendor/laravel/framework/src/Illuminate/Support/ServiceProvider.php(150): Illuminate/Container/Container->call(Object(Closure))
#20 C:/laragon/www/18indri/vendor/laravel/framework/src/Illuminate/Foundation/Application.php(1161): Illuminate/Support/ServiceProvider->callBootedCallbacks()
#21 C:/laragon/www/18indri/vendor/laravel/framework/src/Illuminate/Foundation/Application.php(1139): Illuminate/Foundation/Application->bootProvider(Object(Illuminate/Foundation/Support/Providers/RouteServiceProvider))
#22 [internal function]: Illuminate/Foundation/Application->{closure:Illuminate/Foundation/Application::boot():1138}(Object(Illuminate/Foundation/Support/Providers/RouteServiceProvider), 'Illuminate//Foun...')
#23 C:/laragon/www/18indri/vendor/laravel/framework/src/Illuminate/Foundation/Application.php(1138): array_walk(Array, Object(Closure))
#24 C:/laragon/www/18indri/vendor/laravel/framework/src/Illuminate/Foundation/Bootstrap/BootProviders.php(17): Illuminate/Foundation/Application->boot()
#25 C:/laragon/www/18indri/vendor/laravel/framework/src/Illuminate/Foundation/Application.php(349): Illuminate/Foundation/Bootstrap/BootProviders->bootstrap(Object(Illuminate/Foundation/Application))
#26 C:/laragon/www/18indri/vendor/laravel/framework/src/Illuminate/Foundation/Console/Kernel.php(507): Illuminate/Foundation/Application->bootstrapWith(Array)
#27 C:/laragon/www/18indri/vendor/laravel/framework/src/Illuminate/Foundation/Console/Kernel.php(196): Illuminate/Foundation/Console/Kernel->bootstrap()
#28 Command line code(1): Illuminate/Foundation/Console/Kernel->handle(Object(Symfony/Component/Console/Input/ArgvInput), Object(Symfony/Component/Console/Output/ConsoleOutput))
#29 {main}
"} 
[2026-09-24 03:00:47] local.ERROR: Illuminate\Routing\Router::apiResources(): Argument #1 ($resources) must be of type array, string given, called in C:\laragon\www\18indri\vendor\laravel\framework\src\Illuminate\Support\Facades\Facade.php on line 364 {"exception":"[object] (TypeError(code: 0): Illuminate\\Routing\\Router::apiResources(): Argument #1 ($resources) must be of type array, string given, called in C:\\laragon\\www\\18indri\\vendor\\laravel\\framework\\src\\Illuminate\\Support\\Facades\\Facade.php on line 364 at C:/laragon/www/18indri/vendor/laravel/framework/src/Illuminate/Routing/Router.php:367)
[stacktrace]
#0 C:/laragon/www/18indri/vendor/laravel/framework/src/Illuminate/Support/Facades/Facade.php(364): Illuminate/Routing/Router->apiResources('users', 'App//Http//Contro...')
#1 C:/laragon/www/18indri/routes/api.php(11): Illuminate/Support/Facades/Facade::__callStatic('apiResources', Array)
#2 C:/laragon/www/18indri/vendor/laravel/framework/src/Illuminate/Routing/RouteFileRegistrar.php(34): require('C://laragon//www//...')
#3 C:/laragon/www/18indri/vendor/laravel/framework/src/Illuminate/Routing/Router.php(526): Illuminate/Routing/RouteFileRegistrar->register('C://laragon//www//...')
#4 C:/laragon/www/18indri/vendor/laravel/framework/src/Illuminate/Routing/Router.php(480): Illuminate/Routing/Router->loadRoutes('C://laragon//www//...')
#5 C:/laragon/www/18indri/vendor/laravel/framework/src/Illuminate/Routing/RouteRegistrar.php(224): Illuminate/Routing/Router->group(Array, 'C://laragon//www//...')
#6 C:/laragon/www/18indri/vendor/laravel/framework/src/Illuminate/Foundation/Configuration/ApplicationBuilder.php(219): Illuminate/Routing/RouteRegistrar->group('C://laragon//www//...')
#7 C:/laragon/www/18indri/vendor/laravel/framework/src/Illuminate/Container/BoundMethod.php(36): Illuminate/Foundation/Configuration/ApplicationBuilder->{closure:Illuminate/Foundation/Configuration/ApplicationBuilder::buildRoutingCallback():210}()
#8 C:/laragon/www/18indri/vendor/laravel/framework/src/Illuminate/Container/Util.php(43): Illuminate/Container/BoundMethod::{closure:Illuminate/Container/BoundMethod::call():35}()
#9 C:/laragon/www/18indri/vendor/laravel/framework/src/Illuminate/Container/BoundMethod.php(84): Illuminate/Container/Util::unwrapIfClosure(Object(Closure))
#10 C:/laragon/www/18indri/vendor/laravel/framework/src/Illuminate/Container/BoundMethod.php(35): Illuminate/Container/BoundMethod::callBoundMethod(Object(Illuminate/Foundation/Application), Object(Closure), Object(Closure))
#11 C:/laragon/www/18indri/vendor/laravel/framework/src/Illuminate/Container/Container.php(803): Illuminate/Container/BoundMethod::call(Object(Illuminate/Foundation/Application), Object(Closure), Array, NULL)
#12 C:/laragon/www/18indri/vendor/laravel/framework/src/Illuminate/Foundation/Support/Providers/RouteServiceProvider.php(162): Illuminate/Container/Container->call(Object(Closure))
#13 C:/laragon/www/18indri/vendor/laravel/framework/src/Illuminate/Foundation/Support/Providers/RouteServiceProvider.php(59): Illuminate/Foundation/Support/Providers/RouteServiceProvider->loadRoutes()
#14 C:/laragon/www/18indri/vendor/laravel/framework/src/Illuminate/Container/BoundMethod.php(36): Illuminate/Foundation/Support/Providers/RouteServiceProvider->{closure:Illuminate/Foundation/Support/Providers/RouteServiceProvider::register():53}()
#15 C:/laragon/www/18indri/vendor/laravel/framework/src/Illuminate/Container/Util.php(43): Illuminate/Container/BoundMethod::{closure:Illuminate/Container/BoundMethod::call():35}()
#16 C:/laragon/www/18indri/vendor/laravel/framework/src/Illuminate/Container/BoundMethod.php(84): Illuminate/Container/Util::unwrapIfClosure(Object(Closure))
#17 C:/laragon/www/18indri/vendor/laravel/framework/src/Illuminate/Container/BoundMethod.php(35): Illuminate/Container/BoundMethod::callBoundMethod(Object(Illuminate/Foundation/Application), Object(Closure), Object(Closure))
#18 C:/laragon/www/18indri/vendor/laravel/framework/src/Illuminate/Container/Container.php(803): Illuminate/Container/BoundMethod::call(Object(Illuminate/Foundation/Application), Object(Closure), Array, NULL)
#19 C:/laragon/www/18indri/vendor/laravel/framework/src/Illuminate/Support/ServiceProvider.php(150): Illuminate/Container/Container->call(Object(Closure))
#20 C:/laragon/www/18indri/vendor/laravel/framework/src/Illuminate/Foundation/Application.php(1161): Illuminate/Support/ServiceProvider->callBootedCallbacks()
#21 C:/laragon/www/18indri/vendor/laravel/framework/src/Illuminate/Foundation/Application.php(1139): Illuminate/Foundation/Application->bootProvider(Object(Illuminate/Foundation/Support/Providers/RouteServiceProvider))
#22 [internal function]: Illuminate/Foundation/Application->{closure:Illuminate/Foundation/Application::boot():1138}(Object(Illuminate/Foundation/Support/Providers/RouteServiceProvider), 'Illuminate//Foun...')
#23 C:/laragon/www/18indri/vendor/laravel/framework/src/Illuminate/Foundation/Application.php(1138): array_walk(Array, Object(Closure))
#24 C:/laragon/www/18indri/vendor/laravel/framework/src/Illuminate/Foundation/Bootstrap/BootProviders.php(17): Illuminate/Foundation/Application->boot()
#25 C:/laragon/www/18indri/vendor/laravel/framework/src/Illuminate/Foundation/Application.php(349): Illuminate/Foundation/Bootstrap/BootProviders->bootstrap(Object(Illuminate/Foundation/Application))
#26 C:/laragon/www/18indri/vendor/laravel/framework/src/Illuminate/Foundation/Console/Kernel.php(507): Illuminate/Foundation/Application->bootstrapWith(Array)
#27 C:/laragon/www/18indri/vendor/laravel/framework/src/Illuminate/Foundation/Console/Kernel.php(196): Illuminate/Foundation/Console/Kernel->bootstrap()
#28 Command line code(1): Illuminate/Foundation/Console/Kernel->handle(Object(Symfony/Component/Console/Input/ArgvInput), Object(Symfony/Component/Console/Output/ConsoleOutput))
#29 {main}
"} 
[2026-09-24 03:00:58] local.ERROR: Illuminate\Routing\Router::apiResources(): Argument #1 ($resources) must be of type array, string given, called in C:\laragon\www\18indri\vendor\laravel\framework\src\Illuminate\Support\Facades\Facade.php on line 364 {"exception":"[object] (TypeError(code: 0): Illuminate\\Routing\\Router::apiResources(): Argument #1 ($resources) must be of type array, string given, called in C:\\laragon\\www\\18indri\\vendor\\laravel\\framework\\src\\Illuminate\\Support\\Facades\\Facade.php on line 364 at C:/laragon/www/18indri/vendor/laravel/framework/src/Illuminate/Routing/Router.php:367)
[stacktrace]
#0 C:/laragon/www/18indri/vendor/laravel/framework/src/Illuminate/Support/Facades/Facade.php(364): Illuminate/Routing/Router->apiResources('users', 'App//Http//Contro...')
#1 C:/laragon/www/18indri/routes/api.php(11): Illuminate/Support/Facades/Facade::__callStatic('apiResources', Array)
#2 C:/laragon/www/18indri/vendor/laravel/framework/src/Illuminate/Routing/RouteFileRegistrar.php(34): require('C://laragon//www//...')
#3 C:/laragon/www/18indri/vendor/laravel/framework/src/Illuminate/Routing/Router.php(526): Illuminate/Routing/RouteFileRegistrar->register('C://laragon//www//...')
#4 C:/laragon/www/18indri/vendor/laravel/framework/src/Illuminate/Routing/Router.php(480): Illuminate/Routing/Router->loadRoutes('C://laragon//www//...')
#5 C:/laragon/www/18indri/vendor/laravel/framework/src/Illuminate/Routing/RouteRegistrar.php(224): Illuminate/Routing/Router->group(Array, 'C://laragon//www//...')
#6 C:/laragon/www/18indri/vendor/laravel/framework/src/Illuminate/Foundation/Configuration/ApplicationBuilder.php(219): Illuminate/Routing/RouteRegistrar->group('C://laragon//www//...')
#7 C:/laragon/www/18indri/vendor/laravel/framework/src/Illuminate/Container/BoundMethod.php(36): Illuminate/Foundation/Configuration/ApplicationBuilder->{closure:Illuminate/Foundation/Configuration/ApplicationBuilder::buildRoutingCallback():210}()
#8 C:/laragon/www/18indri/vendor/laravel/framework/src/Illuminate/Container/Util.php(43): Illuminate/Container/BoundMethod::{closure:Illuminate/Container/BoundMethod::call():35}()
#9 C:/laragon/www/18indri/vendor/laravel/framework/src/Illuminate/Container/BoundMethod.php(84): Illuminate/Container/Util::unwrapIfClosure(Object(Closure))
#10 C:/laragon/www/18indri/vendor/laravel/framework/src/Illuminate/Container/BoundMethod.php(35): Illuminate/Container/BoundMethod::callBoundMethod(Object(Illuminate/Foundation/Application), Object(Closure), Object(Closure))
#11 C:/laragon/www/18indri/vendor/laravel/framework/src/Illuminate/Container/Container.php(803): Illuminate/Container/BoundMethod::call(Object(Illuminate/Foundation/Application), Object(Closure), Array, NULL)
#12 C:/laragon/www/18indri/vendor/laravel/framework/src/Illuminate/Foundation/Support/Providers/RouteServiceProvider.php(162): Illuminate/Container/Container->call(Object(Closure))
#13 C:/laragon/www/18indri/vendor/laravel/framework/src/Illuminate/Foundation/Support/Providers/RouteServiceProvider.php(59): Illuminate/Foundation/Support/Providers/RouteServiceProvider->loadRoutes()
#14 C:/laragon/www/18indri/vendor/laravel/framework/src/Illuminate/Container/BoundMethod.php(36): Illuminate/Foundation/Support/Providers/RouteServiceProvider->{closure:Illuminate/Foundation/Support/Providers/RouteServiceProvider::register():53}()
#15 C:/laragon/www/18indri/vendor/laravel/framework/src/Illuminate/Container/Util.php(43): Illuminate/Container/BoundMethod::{closure:Illuminate/Container/BoundMethod::call():35}()
#16 C:/laragon/www/18indri/vendor/laravel/framework/src/Illuminate/Container/BoundMethod.php(84): Illuminate/Container/Util::unwrapIfClosure(Object(Closure))
#17 C:/laragon/www/18indri/vendor/laravel/framework/src/Illuminate/Container/BoundMethod.php(35): Illuminate/Container/BoundMethod::callBoundMethod(Object(Illuminate/Foundation/Application), Object(Closure), Object(Closure))
#18 C:/laragon/www/18indri/vendor/laravel/framework/src/Illuminate/Container/Container.php(803): Illuminate/Container/BoundMethod::call(Object(Illuminate/Foundation/Application), Object(Closure), Array, NULL)
#19 C:/laragon/www/18indri/vendor/laravel/framework/src/Illuminate/Support/ServiceProvider.php(150): Illuminate/Container/Container->call(Object(Closure))
#20 C:/laragon/www/18indri/vendor/laravel/framework/src/Illuminate/Foundation/Application.php(1161): Illuminate/Support/ServiceProvider->callBootedCallbacks()
#21 C:/laragon/www/18indri/vendor/laravel/framework/src/Illuminate/Foundation/Application.php(1139): Illuminate/Foundation/Application->bootProvider(Object(Illuminate/Foundation/Support/Providers/RouteServiceProvider))
#22 [internal function]: Illuminate/Foundation/Application->{closure:Illuminate/Foundation/Application::boot():1138}(Object(Illuminate/Foundation/Support/Providers/RouteServiceProvider), 'Illuminate//Foun...')
#23 C:/laragon/www/18indri/vendor/laravel/framework/src/Illuminate/Foundation/Application.php(1138): array_walk(Array, Object(Closure))
#24 C:/laragon/www/18indri/vendor/laravel/framework/src/Illuminate/Foundation/Bootstrap/BootProviders.php(17): Illuminate/Foundation/Application->boot()
#25 C:/laragon/www/18indri/vendor/laravel/framework/src/Illuminate/Foundation/Application.php(349): Illuminate/Foundation/Bootstrap/BootProviders->bootstrap(Object(Illuminate/Foundation/Application))
#26 C:/laragon/www/18indri/vendor/laravel/framework/src/Illuminate/Foundation/Console/Kernel.php(507): Illuminate/Foundation/Application->bootstrapWith(Array)
#27 C:/laragon/www/18indri/vendor/laravel/framework/src/Illuminate/Foundation/Console/Kernel.php(196): Illuminate/Foundation/Console/Kernel->bootstrap()
#28 C:/laragon/www/18indri/vendor/laravel/framework/src/Illuminate/Foundation/Application.php(1242): Illuminate/Foundation/Console/Kernel->handle(Object(Symfony/Component/Console/Input/ArgvInput), Object(Symfony/Component/Console/Output/ConsoleOutput))
#29 C:/laragon/www/18indri/artisan(16): Illuminate/Foundation/Application->handleCommand(Object(Symfony/Component/Console/Input/ArgvInput))
#30 {main}
"} 
[2026-09-24 03:01:47] local.ERROR: Illuminate\Routing\Router::apiResources(): Argument #1 ($resources) must be of type array, string given, called in C:\laragon\www\18indri\vendor\laravel\framework\src\Illuminate\Support\Facades\Facade.php on line 364 {"exception":"[object] (TypeError(code: 0): Illuminate\\Routing\\Router::apiResources(): Argument #1 ($resources) must be of type array, string given, called in C:\\laragon\\www\\18indri\\vendor\\laravel\\framework\\src\\Illuminate\\Support\\Facades\\Facade.php on line 364 at C:/laragon/www/18indri/vendor/laravel/framework/src/Illuminate/Routing/Router.php:367)
[stacktrace]
#0 C:/laragon/www/18indri/vendor/laravel/framework/src/Illuminate/Support/Facades/Facade.php(364): Illuminate/Routing/Router->apiResources('users', 'App//Http//Contro...')
#1 C:/laragon/www/18indri/routes/api.php(11): Illuminate/Support/Facades/Facade::__callStatic('apiResources', Array)
#2 C:/laragon/www/18indri/vendor/laravel/framework/src/Illuminate/Routing/RouteFileRegistrar.php(34): require('C://laragon//www//...')
#3 C:/laragon/www/18indri/vendor/laravel/framework/src/Illuminate/Routing/Router.php(526): Illuminate/Routing/RouteFileRegistrar->register('C://laragon//www//...')
#4 C:/laragon/www/18indri/vendor/laravel/framework/src/Illuminate/Routing/Router.php(480): Illuminate/Routing/Router->loadRoutes('C://laragon//www//...')
#5 C:/laragon/www/18indri/vendor/laravel/framework/src/Illuminate/Routing/RouteRegistrar.php(224): Illuminate/Routing/Router->group(Array, 'C://laragon//www//...')
#6 C:/laragon/www/18indri/vendor/laravel/framework/src/Illuminate/Foundation/Configuration/ApplicationBuilder.php(219): Illuminate/Routing/RouteRegistrar->group('C://laragon//www//...')
#7 C:/laragon/www/18indri/vendor/laravel/framework/src/Illuminate/Container/BoundMethod.php(36): Illuminate/Foundation/Configuration/ApplicationBuilder->{closure:Illuminate/Foundation/Configuration/ApplicationBuilder::buildRoutingCallback():210}()
#8 C:/laragon/www/18indri/vendor/laravel/framework/src/Illuminate/Container/Util.php(43): Illuminate/Container/BoundMethod::{closure:Illuminate/Container/BoundMethod::call():35}()
#9 C:/laragon/www/18indri/vendor/laravel/framework/src/Illuminate/Container/BoundMethod.php(84): Illuminate/Container/Util::unwrapIfClosure(Object(Closure))
#10 C:/laragon/www/18indri/vendor/laravel/framework/src/Illuminate/Container/BoundMethod.php(35): Illuminate/Container/BoundMethod::callBoundMethod(Object(Illuminate/Foundation/Application), Object(Closure), Object(Closure))
#11 C:/laragon/www/18indri/vendor/laravel/framework/src/Illuminate/Container/Container.php(803): Illuminate/Container/BoundMethod::call(Object(Illuminate/Foundation/Application), Object(Closure), Array, NULL)
#12 C:/laragon/www/18indri/vendor/laravel/framework/src/Illuminate/Foundation/Support/Providers/RouteServiceProvider.php(162): Illuminate/Container/Container->call(Object(Closure))
#13 C:/laragon/www/18indri/vendor/laravel/framework/src/Illuminate/Foundation/Support/Providers/RouteServiceProvider.php(59): Illuminate/Foundation/Support/Providers/RouteServiceProvider->loadRoutes()
#14 C:/laragon/www/18indri/vendor/laravel/framework/src/Illuminate/Container/BoundMethod.php(36): Illuminate/Foundation/Support/Providers/RouteServiceProvider->{closure:Illuminate/Foundation/Support/Providers/RouteServiceProvider::register():53}()
#15 C:/laragon/www/18indri/vendor/laravel/framework/src/Illuminate/Container/Util.php(43): Illuminate/Container/BoundMethod::{closure:Illuminate/Container/BoundMethod::call():35}()
#16 C:/laragon/www/18indri/vendor/laravel/framework/src/Illuminate/Container/BoundMethod.php(84): Illuminate/Container/Util::unwrapIfClosure(Object(Closure))
#17 C:/laragon/www/18indri/vendor/laravel/framework/src/Illuminate/Container/BoundMethod.php(35): Illuminate/Container/BoundMethod::callBoundMethod(Object(Illuminate/Foundation/Application), Object(Closure), Object(Closure))
#18 C:/laragon/www/18indri/vendor/laravel/framework/src/Illuminate/Container/Container.php(803): Illuminate/Container/BoundMethod::call(Object(Illuminate/Foundation/Application), Object(Closure), Array, NULL)
#19 C:/laragon/www/18indri/vendor/laravel/framework/src/Illuminate/Support/ServiceProvider.php(150): Illuminate/Container/Container->call(Object(Closure))
#20 C:/laragon/www/18indri/vendor/laravel/framework/src/Illuminate/Foundation/Application.php(1161): Illuminate/Support/ServiceProvider->callBootedCallbacks()
#21 C:/laragon/www/18indri/vendor/laravel/framework/src/Illuminate/Foundation/Application.php(1139): Illuminate/Foundation/Application->bootProvider(Object(Illuminate/Foundation/Support/Providers/RouteServiceProvider))
#22 [internal function]: Illuminate/Foundation/Application->{closure:Illuminate/Foundation/Application::boot():1138}(Object(Illuminate/Foundation/Support/Providers/RouteServiceProvider), 'Illuminate//Foun...')
#23 C:/laragon/www/18indri/vendor/laravel/framework/src/Illuminate/Foundation/Application.php(1138): array_walk(Array, Object(Closure))
#24 C:/laragon/www/18indri/vendor/laravel/framework/src/Illuminate/Foundation/Bootstrap/BootProviders.php(17): Illuminate/Foundation/Application->boot()
#25 C:/laragon/www/18indri/vendor/laravel/framework/src/Illuminate/Foundation/Application.php(349): Illuminate/Foundation/Bootstrap/BootProviders->bootstrap(Object(Illuminate/Foundation/Application))
#26 C:/laragon/www/18indri/vendor/laravel/framework/src/Illuminate/Foundation/Console/Kernel.php(507): Illuminate/Foundation/Application->bootstrapWith(Array)
#27 C:/laragon/www/18indri/vendor/laravel/framework/src/Illuminate/Foundation/Console/Kernel.php(196): Illuminate/Foundation/Console/Kernel->bootstrap()
#28 Command line code(1): Illuminate/Foundation/Console/Kernel->handle(Object(Symfony/Component/Console/Input/ArgvInput), Object(Symfony/Component/Console/Output/ConsoleOutput))
#29 {main}
"} 
[2026-09-24 03:01:47] local.ERROR: Illuminate\Routing\Router::apiResources(): Argument #1 ($resources) must be of type array, string given, called in C:\laragon\www\18indri\vendor\laravel\framework\src\Illuminate\Support\Facades\Facade.php on line 364 {"exception":"[object] (TypeError(code: 0): Illuminate\\Routing\\Router::apiResources(): Argument #1 ($resources) must be of type array, string given, called in C:\\laragon\\www\\18indri\\vendor\\laravel\\framework\\src\\Illuminate\\Support\\Facades\\Facade.php on line 364 at C:/laragon/www/18indri/vendor/laravel/framework/src/Illuminate/Routing/Router.php:367)
[stacktrace]
#0 C:/laragon/www/18indri/vendor/laravel/framework/src/Illuminate/Support/Facades/Facade.php(364): Illuminate/Routing/Router->apiResources('users', 'App//Http//Contro...')
#1 C:/laragon/www/18indri/routes/api.php(11): Illuminate/Support/Facades/Facade::__callStatic('apiResources', Array)
#2 C:/laragon/www/18indri/vendor/laravel/framework/src/Illuminate/Routing/RouteFileRegistrar.php(34): require('C://laragon//www//...')
#3 C:/laragon/www/18indri/vendor/laravel/framework/src/Illuminate/Routing/Router.php(526): Illuminate/Routing/RouteFileRegistrar->register('C://laragon//www//...')
#4 C:/laragon/www/18indri/vendor/laravel/framework/src/Illuminate/Routing/Router.php(480): Illuminate/Routing/Router->loadRoutes('C://laragon//www//...')
#5 C:/laragon/www/18indri/vendor/laravel/framework/src/Illuminate/Routing/RouteRegistrar.php(224): Illuminate/Routing/Router->group(Array, 'C://laragon//www//...')
#6 C:/laragon/www/18indri/vendor/laravel/framework/src/Illuminate/Foundation/Configuration/ApplicationBuilder.php(219): Illuminate/Routing/RouteRegistrar->group('C://laragon//www//...')
#7 C:/laragon/www/18indri/vendor/laravel/framework/src/Illuminate/Container/BoundMethod.php(36): Illuminate/Foundation/Configuration/ApplicationBuilder->{closure:Illuminate/Foundation/Configuration/ApplicationBuilder::buildRoutingCallback():210}()
#8 C:/laragon/www/18indri/vendor/laravel/framework/src/Illuminate/Container/Util.php(43): Illuminate/Container/BoundMethod::{closure:Illuminate/Container/BoundMethod::call():35}()
#9 C:/laragon/www/18indri/vendor/laravel/framework/src/Illuminate/Container/BoundMethod.php(84): Illuminate/Container/Util::unwrapIfClosure(Object(Closure))
#10 C:/laragon/www/18indri/vendor/laravel/framework/src/Illuminate/Container/BoundMethod.php(35): Illuminate/Container/BoundMethod::callBoundMethod(Object(Illuminate/Foundation/Application), Object(Closure), Object(Closure))
#11 C:/laragon/www/18indri/vendor/laravel/framework/src/Illuminate/Container/Container.php(803): Illuminate/Container/BoundMethod::call(Object(Illuminate/Foundation/Application), Object(Closure), Array, NULL)
#12 C:/laragon/www/18indri/vendor/laravel/framework/src/Illuminate/Foundation/Support/Providers/RouteServiceProvider.php(162): Illuminate/Container/Container->call(Object(Closure))
#13 C:/laragon/www/18indri/vendor/laravel/framework/src/Illuminate/Foundation/Support/Providers/RouteServiceProvider.php(59): Illuminate/Foundation/Support/Providers/RouteServiceProvider->loadRoutes()
#14 C:/laragon/www/18indri/vendor/laravel/framework/src/Illuminate/Container/BoundMethod.php(36): Illuminate/Foundation/Support/Providers/RouteServiceProvider->{closure:Illuminate/Foundation/Support/Providers/RouteServiceProvider::register():53}()
#15 C:/laragon/www/18indri/vendor/laravel/framework/src/Illuminate/Container/Util.php(43): Illuminate/Container/BoundMethod::{closure:Illuminate/Container/BoundMethod::call():35}()
#16 C:/laragon/www/18indri/vendor/laravel/framework/src/Illuminate/Container/BoundMethod.php(84): Illuminate/Container/Util::unwrapIfClosure(Object(Closure))
#17 C:/laragon/www/18indri/vendor/laravel/framework/src/Illuminate/Container/BoundMethod.php(35): Illuminate/Container/BoundMethod::callBoundMethod(Object(Illuminate/Foundation/Application), Object(Closure), Object(Closure))
#18 C:/laragon/www/18indri/vendor/laravel/framework/src/Illuminate/Container/Container.php(803): Illuminate/Container/BoundMethod::call(Object(Illuminate/Foundation/Application), Object(Closure), Array, NULL)
#19 C:/laragon/www/18indri/vendor/laravel/framework/src/Illuminate/Support/ServiceProvider.php(150): Illuminate/Container/Container->call(Object(Closure))
#20 C:/laragon/www/18indri/vendor/laravel/framework/src/Illuminate/Foundation/Application.php(1161): Illuminate/Support/ServiceProvider->callBootedCallbacks()
#21 C:/laragon/www/18indri/vendor/laravel/framework/src/Illuminate/Foundation/Application.php(1139): Illuminate/Foundation/Application->bootProvider(Object(Illuminate/Foundation/Support/Providers/RouteServiceProvider))
#22 [internal function]: Illuminate/Foundation/Application->{closure:Illuminate/Foundation/Application::boot():1138}(Object(Illuminate/Foundation/Support/Providers/RouteServiceProvider), 'Illuminate//Foun...')
#23 C:/laragon/www/18indri/vendor/laravel/framework/src/Illuminate/Foundation/Application.php(1138): array_walk(Array, Object(Closure))
#24 C:/laragon/www/18indri/vendor/laravel/framework/src/Illuminate/Foundation/Bootstrap/BootProviders.php(17): Illuminate/Foundation/Application->boot()
#25 C:/laragon/www/18indri/vendor/laravel/framework/src/Illuminate/Foundation/Application.php(349): Illuminate/Foundation/Bootstrap/BootProviders->bootstrap(Object(Illuminate/Foundation/Application))
#26 C:/laragon/www/18indri/vendor/laravel/framework/src/Illuminate/Foundation/Console/Kernel.php(507): Illuminate/Foundation/Application->bootstrapWith(Array)
#27 C:/laragon/www/18indri/vendor/laravel/framework/src/Illuminate/Foundation/Console/Kernel.php(196): Illuminate/Foundation/Console/Kernel->bootstrap()
#28 Command line code(1): Illuminate/Foundation/Console/Kernel->handle(Object(Symfony/Component/Console/Input/ArgvInput), Object(Symfony/Component/Console/Output/ConsoleOutput))
#29 {main}
"} 
[2026-09-24 03:02:46] local.ERROR: Illuminate\Routing\Router::apiResources(): Argument #1 ($resources) must be of type array, string given, called in C:\laragon\www\18indri\vendor\laravel\framework\src\Illuminate\Support\Facades\Facade.php on line 364 {"exception":"[object] (TypeError(code: 0): Illuminate\\Routing\\Router::apiResources(): Argument #1 ($resources) must be of type array, string given, called in C:\\laragon\\www\\18indri\\vendor\\laravel\\framework\\src\\Illuminate\\Support\\Facades\\Facade.php on line 364 at C:/laragon/www/18indri/vendor/laravel/framework/src/Illuminate/Routing/Router.php:367)
[stacktrace]
#0 C:/laragon/www/18indri/vendor/laravel/framework/src/Illuminate/Support/Facades/Facade.php(364): Illuminate/Routing/Router->apiResources('users', 'App//Http//Contro...')
#1 C:/laragon/www/18indri/routes/api.php(11): Illuminate/Support/Facades/Facade::__callStatic('apiResources', Array)
#2 C:/laragon/www/18indri/vendor/laravel/framework/src/Illuminate/Routing/RouteFileRegistrar.php(34): require('C://laragon//www//...')
#3 C:/laragon/www/18indri/vendor/laravel/framework/src/Illuminate/Routing/Router.php(526): Illuminate/Routing/RouteFileRegistrar->register('C://laragon//www//...')
#4 C:/laragon/www/18indri/vendor/laravel/framework/src/Illuminate/Routing/Router.php(480): Illuminate/Routing/Router->loadRoutes('C://laragon//www//...')
#5 C:/laragon/www/18indri/vendor/laravel/framework/src/Illuminate/Routing/RouteRegistrar.php(224): Illuminate/Routing/Router->group(Array, 'C://laragon//www//...')
#6 C:/laragon/www/18indri/vendor/laravel/framework/src/Illuminate/Foundation/Configuration/ApplicationBuilder.php(219): Illuminate/Routing/RouteRegistrar->group('C://laragon//www//...')
#7 C:/laragon/www/18indri/vendor/laravel/framework/src/Illuminate/Container/BoundMethod.php(36): Illuminate/Foundation/Configuration/ApplicationBuilder->{closure:Illuminate/Foundation/Configuration/ApplicationBuilder::buildRoutingCallback():210}()
#8 C:/laragon/www/18indri/vendor/laravel/framework/src/Illuminate/Container/Util.php(43): Illuminate/Container/BoundMethod::{closure:Illuminate/Container/BoundMethod::call():35}()
#9 C:/laragon/www/18indri/vendor/laravel/framework/src/Illuminate/Container/BoundMethod.php(84): Illuminate/Container/Util::unwrapIfClosure(Object(Closure))
#10 C:/laragon/www/18indri/vendor/laravel/framework/src/Illuminate/Container/BoundMethod.php(35): Illuminate/Container/BoundMethod::callBoundMethod(Object(Illuminate/Foundation/Application), Object(Closure), Object(Closure))
#11 C:/laragon/www/18indri/vendor/laravel/framework/src/Illuminate/Container/Container.php(803): Illuminate/Container/BoundMethod::call(Object(Illuminate/Foundation/Application), Object(Closure), Array, NULL)
#12 C:/laragon/www/18indri/vendor/laravel/framework/src/Illuminate/Foundation/Support/Providers/RouteServiceProvider.php(162): Illuminate/Container/Container->call(Object(Closure))
#13 C:/laragon/www/18indri/vendor/laravel/framework/src/Illuminate/Foundation/Support/Providers/RouteServiceProvider.php(59): Illuminate/Foundation/Support/Providers/RouteServiceProvider->loadRoutes()
#14 C:/laragon/www/18indri/vendor/laravel/framework/src/Illuminate/Container/BoundMethod.php(36): Illuminate/Foundation/Support/Providers/RouteServiceProvider->{closure:Illuminate/Foundation/Support/Providers/RouteServiceProvider::register():53}()
#15 C:/laragon/www/18indri/vendor/laravel/framework/src/Illuminate/Container/Util.php(43): Illuminate/Container/BoundMethod::{closure:Illuminate/Container/BoundMethod::call():35}()
#16 C:/laragon/www/18indri/vendor/laravel/framework/src/Illuminate/Container/BoundMethod.php(84): Illuminate/Container/Util::unwrapIfClosure(Object(Closure))
#17 C:/laragon/www/18indri/vendor/laravel/framework/src/Illuminate/Container/BoundMethod.php(35): Illuminate/Container/BoundMethod::callBoundMethod(Object(Illuminate/Foundation/Application), Object(Closure), Object(Closure))
#18 C:/laragon/www/18indri/vendor/laravel/framework/src/Illuminate/Container/Container.php(803): Illuminate/Container/BoundMethod::call(Object(Illuminate/Foundation/Application), Object(Closure), Array, NULL)
#19 C:/laragon/www/18indri/vendor/laravel/framework/src/Illuminate/Support/ServiceProvider.php(150): Illuminate/Container/Container->call(Object(Closure))
#20 C:/laragon/www/18indri/vendor/laravel/framework/src/Illuminate/Foundation/Application.php(1161): Illuminate/Support/ServiceProvider->callBootedCallbacks()
#21 C:/laragon/www/18indri/vendor/laravel/framework/src/Illuminate/Foundation/Application.php(1139): Illuminate/Foundation/Application->bootProvider(Object(Illuminate/Foundation/Support/Providers/RouteServiceProvider))
#22 [internal function]: Illuminate/Foundation/Application->{closure:Illuminate/Foundation/Application::boot():1138}(Object(Illuminate/Foundation/Support/Providers/RouteServiceProvider), 'Illuminate//Foun...')
#23 C:/laragon/www/18indri/vendor/laravel/framework/src/Illuminate/Foundation/Application.php(1138): array_walk(Array, Object(Closure))
#24 C:/laragon/www/18indri/vendor/laravel/framework/src/Illuminate/Foundation/Bootstrap/BootProviders.php(17): Illuminate/Foundation/Application->boot()
#25 C:/laragon/www/18indri/vendor/laravel/framework/src/Illuminate/Foundation/Application.php(349): Illuminate/Foundation/Bootstrap/BootProviders->bootstrap(Object(Illuminate/Foundation/Application))
#26 C:/laragon/www/18indri/vendor/laravel/framework/src/Illuminate/Foundation/Console/Kernel.php(507): Illuminate/Foundation/Application->bootstrapWith(Array)
#27 C:/laragon/www/18indri/vendor/laravel/framework/src/Illuminate/Foundation/Console/Kernel.php(196): Illuminate/Foundation/Console/Kernel->bootstrap()
#28 Command line code(1): Illuminate/Foundation/Console/Kernel->handle(Object(Symfony/Component/Console/Input/ArgvInput), Object(Symfony/Component/Console/Output/ConsoleOutput))
#29 {main}
"} 
[2026-09-24 03:02:47] local.ERROR: Illuminate\Routing\Router::apiResources(): Argument #1 ($resources) must be of type array, string given, called in C:\laragon\www\18indri\vendor\laravel\framework\src\Illuminate\Support\Facades\Facade.php on line 364 {"exception":"[object] (TypeError(code: 0): Illuminate\\Routing\\Router::apiResources(): Argument #1 ($resources) must be of type array, string given, called in C:\\laragon\\www\\18indri\\vendor\\laravel\\framework\\src\\Illuminate\\Support\\Facades\\Facade.php on line 364 at C:/laragon/www/18indri/vendor/laravel/framework/src/Illuminate/Routing/Router.php:367)
[stacktrace]
#0 C:/laragon/www/18indri/vendor/laravel/framework/src/Illuminate/Support/Facades/Facade.php(364): Illuminate/Routing/Router->apiResources('users', 'App//Http//Contro...')
#1 C:/laragon/www/18indri/routes/api.php(11): Illuminate/Support/Facades/Facade::__callStatic('apiResources', Array)
#2 C:/laragon/www/18indri/vendor/laravel/framework/src/Illuminate/Routing/RouteFileRegistrar.php(34): require('C://laragon//www//...')
#3 C:/laragon/www/18indri/vendor/laravel/framework/src/Illuminate/Routing/Router.php(526): Illuminate/Routing/RouteFileRegistrar->register('C://laragon//www//...')
#4 C:/laragon/www/18indri/vendor/laravel/framework/src/Illuminate/Routing/Router.php(480): Illuminate/Routing/Router->loadRoutes('C://laragon//www//...')
#5 C:/laragon/www/18indri/vendor/laravel/framework/src/Illuminate/Routing/RouteRegistrar.php(224): Illuminate/Routing/Router->group(Array, 'C://laragon//www//...')
#6 C:/laragon/www/18indri/vendor/laravel/framework/src/Illuminate/Foundation/Configuration/ApplicationBuilder.php(219): Illuminate/Routing/RouteRegistrar->group('C://laragon//www//...')
#7 C:/laragon/www/18indri/vendor/laravel/framework/src/Illuminate/Container/BoundMethod.php(36): Illuminate/Foundation/Configuration/ApplicationBuilder->{closure:Illuminate/Foundation/Configuration/ApplicationBuilder::buildRoutingCallback():210}()
#8 C:/laragon/www/18indri/vendor/laravel/framework/src/Illuminate/Container/Util.php(43): Illuminate/Container/BoundMethod::{closure:Illuminate/Container/BoundMethod::call():35}()
#9 C:/laragon/www/18indri/vendor/laravel/framework/src/Illuminate/Container/BoundMethod.php(84): Illuminate/Container/Util::unwrapIfClosure(Object(Closure))
#10 C:/laragon/www/18indri/vendor/laravel/framework/src/Illuminate/Container/BoundMethod.php(35): Illuminate/Container/BoundMethod::callBoundMethod(Object(Illuminate/Foundation/Application), Object(Closure), Object(Closure))
#11 C:/laragon/www/18indri/vendor/laravel/framework/src/Illuminate/Container/Container.php(803): Illuminate/Container/BoundMethod::call(Object(Illuminate/Foundation/Application), Object(Closure), Array, NULL)
#12 C:/laragon/www/18indri/vendor/laravel/framework/src/Illuminate/Foundation/Support/Providers/RouteServiceProvider.php(162): Illuminate/Container/Container->call(Object(Closure))
#13 C:/laragon/www/18indri/vendor/laravel/framework/src/Illuminate/Foundation/Support/Providers/RouteServiceProvider.php(59): Illuminate/Foundation/Support/Providers/RouteServiceProvider->loadRoutes()
#14 C:/laragon/www/18indri/vendor/laravel/framework/src/Illuminate/Container/BoundMethod.php(36): Illuminate/Foundation/Support/Providers/RouteServiceProvider->{closure:Illuminate/Foundation/Support/Providers/RouteServiceProvider::register():53}()
#15 C:/laragon/www/18indri/vendor/laravel/framework/src/Illuminate/Container/Util.php(43): Illuminate/Container/BoundMethod::{closure:Illuminate/Container/BoundMethod::call():35}()
#16 C:/laragon/www/18indri/vendor/laravel/framework/src/Illuminate/Container/BoundMethod.php(84): Illuminate/Container/Util::unwrapIfClosure(Object(Closure))
#17 C:/laragon/www/18indri/vendor/laravel/framework/src/Illuminate/Container/BoundMethod.php(35): Illuminate/Container/BoundMethod::callBoundMethod(Object(Illuminate/Foundation/Application), Object(Closure), Object(Closure))
#18 C:/laragon/www/18indri/vendor/laravel/framework/src/Illuminate/Container/Container.php(803): Illuminate/Container/BoundMethod::call(Object(Illuminate/Foundation/Application), Object(Closure), Array, NULL)
#19 C:/laragon/www/18indri/vendor/laravel/framework/src/Illuminate/Support/ServiceProvider.php(150): Illuminate/Container/Container->call(Object(Closure))
#20 C:/laragon/www/18indri/vendor/laravel/framework/src/Illuminate/Foundation/Application.php(1161): Illuminate/Support/ServiceProvider->callBootedCallbacks()
#21 C:/laragon/www/18indri/vendor/laravel/framework/src/Illuminate/Foundation/Application.php(1139): Illuminate/Foundation/Application->bootProvider(Object(Illuminate/Foundation/Support/Providers/RouteServiceProvider))
#22 [internal function]: Illuminate/Foundation/Application->{closure:Illuminate/Foundation/Application::boot():1138}(Object(Illuminate/Foundation/Support/Providers/RouteServiceProvider), 'Illuminate//Foun...')
#23 C:/laragon/www/18indri/vendor/laravel/framework/src/Illuminate/Foundation/Application.php(1138): array_walk(Array, Object(Closure))
#24 C:/laragon/www/18indri/vendor/laravel/framework/src/Illuminate/Foundation/Bootstrap/BootProviders.php(17): Illuminate/Foundation/Application->boot()
#25 C:/laragon/www/18indri/vendor/laravel/framework/src/Illuminate/Foundation/Application.php(349): Illuminate/Foundation/Bootstrap/BootProviders->bootstrap(Object(Illuminate/Foundation/Application))
#26 C:/laragon/www/18indri/vendor/laravel/framework/src/Illuminate/Foundation/Console/Kernel.php(507): Illuminate/Foundation/Application->bootstrapWith(Array)
#27 C:/laragon/www/18indri/vendor/laravel/framework/src/Illuminate/Foundation/Console/Kernel.php(196): Illuminate/Foundation/Console/Kernel->bootstrap()
#28 Command line code(1): Illuminate/Foundation/Console/Kernel->handle(Object(Symfony/Component/Console/Input/ArgvInput), Object(Symfony/Component/Console/Output/ConsoleOutput))
#29 {main}
"} 
[2026-09-24 03:02:47] local.ERROR: Illuminate\Routing\Router::apiResources(): Argument #1 ($resources) must be of type array, string given, called in C:\laragon\www\18indri\vendor\laravel\framework\src\Illuminate\Support\Facades\Facade.php on line 364 {"exception":"[object] (TypeError(code: 0): Illuminate\\Routing\\Router::apiResources(): Argument #1 ($resources) must be of type array, string given, called in C:\\laragon\\www\\18indri\\vendor\\laravel\\framework\\src\\Illuminate\\Support\\Facades\\Facade.php on line 364 at C:/laragon/www/18indri/vendor/laravel/framework/src/Illuminate/Routing/Router.php:367)
[stacktrace]
#0 C:/laragon/www/18indri/vendor/laravel/framework/src/Illuminate/Support/Facades/Facade.php(364): Illuminate/Routing/Router->apiResources('users', 'App//Http//Contro...')
#1 C:/laragon/www/18indri/routes/api.php(11): Illuminate/Support/Facades/Facade::__callStatic('apiResources', Array)
#2 C:/laragon/www/18indri/vendor/laravel/framework/src/Illuminate/Routing/RouteFileRegistrar.php(34): require('C://laragon//www//...')
#3 C:/laragon/www/18indri/vendor/laravel/framework/src/Illuminate/Routing/Router.php(526): Illuminate/Routing/RouteFileRegistrar->register('C://laragon//www//...')
#4 C:/laragon/www/18indri/vendor/laravel/framework/src/Illuminate/Routing/Router.php(480): Illuminate/Routing/Router->loadRoutes('C://laragon//www//...')
#5 C:/laragon/www/18indri/vendor/laravel/framework/src/Illuminate/Routing/RouteRegistrar.php(224): Illuminate/Routing/Router->group(Array, 'C://laragon//www//...')
#6 C:/laragon/www/18indri/vendor/laravel/framework/src/Illuminate/Foundation/Configuration/ApplicationBuilder.php(219): Illuminate/Routing/RouteRegistrar->group('C://laragon//www//...')
#7 C:/laragon/www/18indri/vendor/laravel/framework/src/Illuminate/Container/BoundMethod.php(36): Illuminate/Foundation/Configuration/ApplicationBuilder->{closure:Illuminate/Foundation/Configuration/ApplicationBuilder::buildRoutingCallback():210}()
#8 C:/laragon/www/18indri/vendor/laravel/framework/src/Illuminate/Container/Util.php(43): Illuminate/Container/BoundMethod::{closure:Illuminate/Container/BoundMethod::call():35}()
#9 C:/laragon/www/18indri/vendor/laravel/framework/src/Illuminate/Container/BoundMethod.php(84): Illuminate/Container/Util::unwrapIfClosure(Object(Closure))
#10 C:/laragon/www/18indri/vendor/laravel/framework/src/Illuminate/Container/BoundMethod.php(35): Illuminate/Container/BoundMethod::callBoundMethod(Object(Illuminate/Foundation/Application), Object(Closure), Object(Closure))
#11 C:/laragon/www/18indri/vendor/laravel/framework/src/Illuminate/Container/Container.php(803): Illuminate/Container/BoundMethod::call(Object(Illuminate/Foundation/Application), Object(Closure), Array, NULL)
#12 C:/laragon/www/18indri/vendor/laravel/framework/src/Illuminate/Foundation/Support/Providers/RouteServiceProvider.php(162): Illuminate/Container/Container->call(Object(Closure))
#13 C:/laragon/www/18indri/vendor/laravel/framework/src/Illuminate/Foundation/Support/Providers/RouteServiceProvider.php(59): Illuminate/Foundation/Support/Providers/RouteServiceProvider->loadRoutes()
#14 C:/laragon/www/18indri/vendor/laravel/framework/src/Illuminate/Container/BoundMethod.php(36): Illuminate/Foundation/Support/Providers/RouteServiceProvider->{closure:Illuminate/Foundation/Support/Providers/RouteServiceProvider::register():53}()
#15 C:/laragon/www/18indri/vendor/laravel/framework/src/Illuminate/Container/Util.php(43): Illuminate/Container/BoundMethod::{closure:Illuminate/Container/BoundMethod::call():35}()
#16 C:/laragon/www/18indri/vendor/laravel/framework/src/Illuminate/Container/BoundMethod.php(84): Illuminate/Container/Util::unwrapIfClosure(Object(Closure))
#17 C:/laragon/www/18indri/vendor/laravel/framework/src/Illuminate/Container/BoundMethod.php(35): Illuminate/Container/BoundMethod::callBoundMethod(Object(Illuminate/Foundation/Application), Object(Closure), Object(Closure))
#18 C:/laragon/www/18indri/vendor/laravel/framework/src/Illuminate/Container/Container.php(803): Illuminate/Container/BoundMethod::call(Object(Illuminate/Foundation/Application), Object(Closure), Array, NULL)
#19 C:/laragon/www/18indri/vendor/laravel/framework/src/Illuminate/Support/ServiceProvider.php(150): Illuminate/Container/Container->call(Object(Closure))
#20 C:/laragon/www/18indri/vendor/laravel/framework/src/Illuminate/Foundation/Application.php(1161): Illuminate/Support/ServiceProvider->callBootedCallbacks()
#21 C:/laragon/www/18indri/vendor/laravel/framework/src/Illuminate/Foundation/Application.php(1139): Illuminate/Foundation/Application->bootProvider(Object(Illuminate/Foundation/Support/Providers/RouteServiceProvider))
#22 [internal function]: Illuminate/Foundation/Application->{closure:Illuminate/Foundation/Application::boot():1138}(Object(Illuminate/Foundation/Support/Providers/RouteServiceProvider), 'Illuminate//Foun...')
#23 C:/laragon/www/18indri/vendor/laravel/framework/src/Illuminate/Foundation/Application.php(1138): array_walk(Array, Object(Closure))
#24 C:/laragon/www/18indri/vendor/laravel/framework/src/Illuminate/Foundation/Bootstrap/BootProviders.php(17): Illuminate/Foundation/Application->boot()
#25 C:/laragon/www/18indri/vendor/laravel/framework/src/Illuminate/Foundation/Application.php(349): Illuminate/Foundation/Bootstrap/BootProviders->bootstrap(Object(Illuminate/Foundation/Application))
#26 C:/laragon/www/18indri/vendor/laravel/framework/src/Illuminate/Foundation/Console/Kernel.php(507): Illuminate/Foundation/Application->bootstrapWith(Array)
#27 C:/laragon/www/18indri/vendor/laravel/framework/src/Illuminate/Foundation/Console/Kernel.php(196): Illuminate/Foundation/Console/Kernel->bootstrap()
#28 Command line code(1): Illuminate/Foundation/Console/Kernel->handle(Object(Symfony/Component/Console/Input/ArgvInput), Object(Symfony/Component/Console/Output/ConsoleOutput))
#29 {main}
"} 
[2026-09-24 03:03:47] local.ERROR: Illuminate\Routing\Router::apiResources(): Argument #1 ($resources) must be of type array, string given, called in C:\laragon\www\18indri\vendor\laravel\framework\src\Illuminate\Support\Facades\Facade.php on line 364 {"exception":"[object] (TypeError(code: 0): Illuminate\\Routing\\Router::apiResources(): Argument #1 ($resources) must be of type array, string given, called in C:\\laragon\\www\\18indri\\vendor\\laravel\\framework\\src\\Illuminate\\Support\\Facades\\Facade.php on line 364 at C:/laragon/www/18indri/vendor/laravel/framework/src/Illuminate/Routing/Router.php:367)
[stacktrace]
#0 C:/laragon/www/18indri/vendor/laravel/framework/src/Illuminate/Support/Facades/Facade.php(364): Illuminate/Routing/Router->apiResources('users', 'App//Http//Contro...')
#1 C:/laragon/www/18indri/routes/api.php(11): Illuminate/Support/Facades/Facade::__callStatic('apiResources', Array)
#2 C:/laragon/www/18indri/vendor/laravel/framework/src/Illuminate/Routing/RouteFileRegistrar.php(34): require('C://laragon//www//...')
#3 C:/laragon/www/18indri/vendor/laravel/framework/src/Illuminate/Routing/Router.php(526): Illuminate/Routing/RouteFileRegistrar->register('C://laragon//www//...')
#4 C:/laragon/www/18indri/vendor/laravel/framework/src/Illuminate/Routing/Router.php(480): Illuminate/Routing/Router->loadRoutes('C://laragon//www//...')
#5 C:/laragon/www/18indri/vendor/laravel/framework/src/Illuminate/Routing/RouteRegistrar.php(224): Illuminate/Routing/Router->group(Array, 'C://laragon//www//...')
#6 C:/laragon/www/18indri/vendor/laravel/framework/src/Illuminate/Foundation/Configuration/ApplicationBuilder.php(219): Illuminate/Routing/RouteRegistrar->group('C://laragon//www//...')
#7 C:/laragon/www/18indri/vendor/laravel/framework/src/Illuminate/Container/BoundMethod.php(36): Illuminate/Foundation/Configuration/ApplicationBuilder->{closure:Illuminate/Foundation/Configuration/ApplicationBuilder::buildRoutingCallback():210}()
#8 C:/laragon/www/18indri/vendor/laravel/framework/src/Illuminate/Container/Util.php(43): Illuminate/Container/BoundMethod::{closure:Illuminate/Container/BoundMethod::call():35}()
#9 C:/laragon/www/18indri/vendor/laravel/framework/src/Illuminate/Container/BoundMethod.php(84): Illuminate/Container/Util::unwrapIfClosure(Object(Closure))
#10 C:/laragon/www/18indri/vendor/laravel/framework/src/Illuminate/Container/BoundMethod.php(35): Illuminate/Container/BoundMethod::callBoundMethod(Object(Illuminate/Foundation/Application), Object(Closure), Object(Closure))
#11 C:/laragon/www/18indri/vendor/laravel/framework/src/Illuminate/Container/Container.php(803): Illuminate/Container/BoundMethod::call(Object(Illuminate/Foundation/Application), Object(Closure), Array, NULL)
#12 C:/laragon/www/18indri/vendor/laravel/framework/src/Illuminate/Foundation/Support/Providers/RouteServiceProvider.php(162): Illuminate/Container/Container->call(Object(Closure))
#13 C:/laragon/www/18indri/vendor/laravel/framework/src/Illuminate/Foundation/Support/Providers/RouteServiceProvider.php(59): Illuminate/Foundation/Support/Providers/RouteServiceProvider->loadRoutes()
#14 C:/laragon/www/18indri/vendor/laravel/framework/src/Illuminate/Container/BoundMethod.php(36): Illuminate/Foundation/Support/Providers/RouteServiceProvider->{closure:Illuminate/Foundation/Support/Providers/RouteServiceProvider::register():53}()
#15 C:/laragon/www/18indri/vendor/laravel/framework/src/Illuminate/Container/Util.php(43): Illuminate/Container/BoundMethod::{closure:Illuminate/Container/BoundMethod::call():35}()
#16 C:/laragon/www/18indri/vendor/laravel/framework/src/Illuminate/Container/BoundMethod.php(84): Illuminate/Container/Util::unwrapIfClosure(Object(Closure))
#17 C:/laragon/www/18indri/vendor/laravel/framework/src/Illuminate/Container/BoundMethod.php(35): Illuminate/Container/BoundMethod::callBoundMethod(Object(Illuminate/Foundation/Application), Object(Closure), Object(Closure))
#18 C:/laragon/www/18indri/vendor/laravel/framework/src/Illuminate/Container/Container.php(803): Illuminate/Container/BoundMethod::call(Object(Illuminate/Foundation/Application), Object(Closure), Array, NULL)
#19 C:/laragon/www/18indri/vendor/laravel/framework/src/Illuminate/Support/ServiceProvider.php(150): Illuminate/Container/Container->call(Object(Closure))
#20 C:/laragon/www/18indri/vendor/laravel/framework/src/Illuminate/Foundation/Application.php(1161): Illuminate/Support/ServiceProvider->callBootedCallbacks()
#21 C:/laragon/www/18indri/vendor/laravel/framework/src/Illuminate/Foundation/Application.php(1139): Illuminate/Foundation/Application->bootProvider(Object(Illuminate/Foundation/Support/Providers/RouteServiceProvider))
#22 [internal function]: Illuminate/Foundation/Application->{closure:Illuminate/Foundation/Application::boot():1138}(Object(Illuminate/Foundation/Support/Providers/RouteServiceProvider), 'Illuminate//Foun...')
#23 C:/laragon/www/18indri/vendor/laravel/framework/src/Illuminate/Foundation/Application.php(1138): array_walk(Array, Object(Closure))
#24 C:/laragon/www/18indri/vendor/laravel/framework/src/Illuminate/Foundation/Bootstrap/BootProviders.php(17): Illuminate/Foundation/Application->boot()
#25 C:/laragon/www/18indri/vendor/laravel/framework/src/Illuminate/Foundation/Application.php(349): Illuminate/Foundation/Bootstrap/BootProviders->bootstrap(Object(Illuminate/Foundation/Application))
#26 C:/laragon/www/18indri/vendor/laravel/framework/src/Illuminate/Foundation/Console/Kernel.php(507): Illuminate/Foundation/Application->bootstrapWith(Array)
#27 C:/laragon/www/18indri/vendor/laravel/framework/src/Illuminate/Foundation/Console/Kernel.php(196): Illuminate/Foundation/Console/Kernel->bootstrap()
#28 Command line code(1): Illuminate/Foundation/Console/Kernel->handle(Object(Symfony/Component/Console/Input/ArgvInput), Object(Symfony/Component/Console/Output/ConsoleOutput))
#29 {main}
"} 
